ID;Nom;Titre;Étage;PV;Attaques;Phases;Mécanique
BOS_001;Mizuki;Le traître de l’Académie;1;170;salve, fuma, charge;50 %;Kunai en éventail, grand shuriken revenant, charges.
BOS_002;Serpent géant;Gardien de la Forêt de la Mort;1;200;charge, terrier, crachat;—;Charges, plongée sous terre et crachats en éventail.
BOS_003;Les frères démons;Duo aux griffes enchaînées;1;110;charge, griffe;—;Deux adversaires reliés par une chaîne dangereuse quand elle se tend.
BOS_004;Zabuza;Le démon du brouillard;2;300;sabre, brume, dragon, clones;45 %;Disparaît dans la brume (yeux visibles) et réapparaît sabre levé.
BOS_005;Haku;Les miroirs de glace;2;260;saut, senbon, salve;50 %;"Passe de miroir en miroir ; les miroirs se brisent sous les coups."
BOS_006;Kankurō et Karasu;Le marionnettiste;3;140;gaz, salve;—;Frappez le marionnettiste caché : sa marionnette tombera.
BOS_007;Le trio du Son;Trois épreuves en une;3;95;onde, salve;—;Trois adversaires aux rôles distincts : ondes, souffle, clochettes.
BOS_008;Kimimaro;La danse des os;3;340;balles, lances, danse;40 %;Balles d’os, lances qui percent le sol en lignes, danse circulaire.
BOS_009;Gaara;L’enfermement de sable;4;380;cercueil, shuriken, vague, pluie;50 %;Le sable enferme l’arène : cercueils au sol, vagues avec une brèche, pluie de sable.
BOS_010;Sasori;Le maître des marionnettes;4;360;queue, aiguilles, sable_fer, anneau;55 %;Carapace blindée puis sable de fer.
BOS_011;Kabuto;Le médecin des ombres;5;380;scalpel, cadavres, soin, salve;—;"Se soigne de 10 % en canalisant 2 s (20 dégâts l’interrompent ; trois fois au plus, espacées de 10 s) ; réanime des sujets."
BOS_012;Kisame;Le requin de la brume;5;440;requins, inondation, samehada, prison;—;"Inonde l’arène (l’eau vous ralentit, pas lui) ; requins d’eau chercheurs."
BOS_013;Hidan;Le rituel immortel;5;400;faux, rituel, charge;—;"Si sa faux vous touche, il vous marque ; dans son cercle, il se blesse… et vous aussi. Interrompez le rituel (25 dégâts pendant sa canalisation)."
BOS_014;Orochimaru;Les mues du serpent;6;520;serpents, epee, invocation, huit;66 %, 33 %;À chaque mue, la peau abandonnée devient hostile et il réapparaît ailleurs.
BOS_015;Deidara;L’art est une explosion;7;460;araignees, oiseaux, bombes, c3;35 %;"Argile explosive sous toutes ses formes ; C3 : mettez-vous à l’abri derrière un bloc."
BOS_016;Itachi;Les illusions du corbeau;7;480;clones, boule, flammes, tsukuyomi;40 %;"Seul le vrai Itachi projette une ombre ; ses clones éclatent en corbeaux."
BOS_017;Kakuzu;Les cinq cœurs;7;300;poing, durcir, fils;—;"Trois masques élémentaires l’accompagnent ; sa peau durcie (grise) réduit les dégâts de 70 % pendant 1,8 s, visiblement."
BOS_018;Pain;Les forces d’attraction;8;560;repulsion, attraction, tiges, betes, sphere;50 %;Repousse (et détruit vos tirs), attire en tirant en anneau, puis crée une sphère d’attraction.
BOS_023;Konan;L’ange de papier;8;520;shuriken, papillons, etiquettes, ailes, lance, mer;40 %;"Éventails de shuriken de papier, papillons qui explosent au contact, pluie d’étiquettes explosives ; à 40 % la mer de papiers et des charges ailées."
BOS_019;Obito;Les changements de présence;8;460;saisie, boule, vortex, chaines;50 %;Intangible sauf quand il se matérialise pour attaquer (annonce, attaque, récupération).
BOS_020;Le Gardien du Sceau;Celui qui tient le labyrinthe;9;800;chaines, anneaux, spirale, arene;66 %, 33 %;"Arène évolutive : des blocs apparaissent entre les phases ; chaînes balayantes."
BOS_021;Madara (empreinte);L’ancien rival;9;900;meteore, feu, bois, sabre;50 %;Attaques massives : météore (abri : loin du centre marqué), dragons de bois, grands balayages.
BOS_022;Empreinte des Dix Queues;La brèche instable;8;1000;queues, bombe, pluie, anneau;—;Immobile et gigantesque : queues balayantes, rayon, anneaux à brèche.
BOS_025;Neji;Le tourbillon céleste;2;290;kaiten, paumes, paume, elan;50 %;"Tourbillon défensif annoncé : il efface vos tirs proches et repousse au contact ; les soixante-quatre paumes frappent tout son cercle (sortez-en) ; paumes d’air à distance."
BOS_026;Mille-pattes géant;La chose sous la forêt;2;280;terrier, ruee, venin;50 %;"Plonge sous terre et ressurgit sous vos pieds ; ses ruées laissent une traînée de venin ; son long corps blesse au contact."
BOS_024;Temari;La tempête de l’éventail;3;320;lames, bourrasque, tornade, kamatari;50 %;Lames de vent en éventail, bourrasque en cône (annoncée) qui repousse et efface vos tirs, tornade, et la belette à la faux qui traverse la salle sur une ligne annoncée.
BOS_027;Kidōmaru;La toile dorée;4;370;toile, kunai, araignees, fleche;50 %;"Tisse des toiles collantes au sol, lance six kunai à la fois, appelle des araignées tisseuses ; à mi-vie, la flèche d’or : la ligne de visée vous suit, se fige, puis la flèche traverse tout."
BOS_028;Tayuya;La flûte des démons;4;330;demons, melodie, notes, esprits;50 %;Garde ses distances en jouant de la flûte : démons géants aux yeux bandés (ils tombent avec elle), ondes sonores à brèche, spirales de notes, esprits chercheurs.
BOS_029;Suigetsu;L’homme-eau;5;410;liquefaction, couperet, pistolet, flot;45 %;"Se liquéfie en flaque intangible pour surgir près de vous, couperet levé ; pistolet à eau, flots ralentissants. La foudre lui inflige 50 % de plus et l’empêche de se liquéfier pendant 4 s."
BOS_030;Jūgo;La marque de la rage;6;500;poing, oiseaux, secousse, massue, propulsion, canon, pluie;60 %;Calme, il appelle les oiseaux, frappe le sol et cogne. À 60 %, la marque le recouvre (forme enragée, plus rapide) : massue de chair, ruées explosives, canon de chakra, pluie de rochers.
BOS_031;Sakon et Ukon;Deux en un seul corps;6;420;enchainement, charge, salve;55 %;"Enchaînements à deux têtes (deux arcs successifs). À 55 %, Ukon se détache : deux adversaires liés ; Ukon plonge dans le sol et surgit à côté de vous."
BOS_033;Chimère des cuves;L’expérience évadée;6;540;ruee, crachat, pince, mares, tentacules, sujets;66 %, 33 %;Une expérience évadée des cuves. À chaque tiers de vitalité perdu, elle mute (nouvelle silhouette, nouvelles attaques) : ruées acides, pince, mares, tentacules et sujets réanimés.
BOS_034;Zetsu;Celui qui pousse sous le champ de bataille;7;440;surgir, spores, clones, racines;50 %;Plonge dans le sol et ressurgit sous vous, spores chercheuses, clones blancs, racines qui percent le sol en lignes. À 50 %, la moitié blanche se détache et combat à part.
BOS_032;Danzō;La racine;7;430;vent, baku, balles, racines;30 %;Rafales de lames de vent, aspiration du tapir qui vous attire, anneaux de vent à brèche, racines qui percent le sol. Une seule fois, à 30 %, l’Izanagi : une illusion tombe à sa place et il reprend 25 % de vitalité ailleurs.
BOS_035;Kinkaku et Ginkaku;Les frères d’or et d’argent;8;330;eventail, flammes, charge;—;Deux frères liés : l’aîné (or) souffle des vagues de feu à l’éventail, le cadet (argent) aspire avec sa gourde et fouette de sa corde dorée. Quand l’un tombe, l’autre entre en rage.
BOS_M01;Mue gardienne;Gardienne du pacte;mini-boss;150;charge, anneau;—;
BOS_M02;Crapaud gardien;Gardien du sanctuaire;mini-boss;150;saut, langue;—;
