ID;Nom;Condition;Débloque
OBJ_001;Premier sceau brisé;bossVaincus ≥ 1 (cumulé);PSV_026 Croix de sceaux, PSV_027 Parchemins-pièges
OBJ_002;Le traître démasqué;vaincre Mizuki;PSV_013 Fūma shuriken
OBJ_003;Hors de la forêt;vaincre Serpent géant;PSV_064 Serpent des manches, PSV_078 Serpent blanc
OBJ_004;Le démon du brouillard;vaincre Zabuza;CHR_004 Kakashi, PSV_017 Empreinte du Kubikiribōchō, DEF_014 Le ninja copieur
OBJ_005;Miroirs brisés;vaincre Haku;PSV_081 Miroirs de glace, PSV_050 Glace éternelle
OBJ_006;Les frères démons;vaincre Les frères démons;PSV_007 Fil de chakra
OBJ_007;Fils coupés;vaincre Kankurō et Karasu;PSV_072 Karasu, PSV_073 Kuroari, PSV_074 Sanshōuo
OBJ_008;Trio dissonant;vaincre Le trio du Son;PSV_029 Poing de Doton
OBJ_009;Le sable se tait;vaincre Gaara;CHR_005 Rock Lee, PSV_097 Armure de sable absolue
OBJ_010;Os brisés;vaincre Kimimaro;PSV_060 Os de l’ossature, PSV_090 Ossature renforcée
OBJ_011;La carapace tombe;vaincre Sasori;PSV_142 Main du scorpion
OBJ_012;Regard perçant;secretsTrouves ≥ 5 (cumulé);CHR_006 Hinata, PSV_113 Byakugan (empreinte), DEF_015 Œil blanc
OBJ_013;Soigneur démasqué;vaincre Kabuto;PSV_087 Sceau de régénération
OBJ_014;Requin échoué;vaincre Kisame;PSV_136 Écailles de Samehada
OBJ_015;Stratégie de l’examen;epreuvesChunin ≥ 2 (cumulé);CHR_007 Shikamaru, PSV_051 Ombre liante, DEF_016 Ombres et nuages
OBJ_016;Rituel rompu;vaincre Hidan;PSV_054 Marque de Jashin, PSV_135 Rituel du sang
OBJ_017;Les mues du serpent;vaincre Orochimaru;PSV_143 Mue du serpent, ACT_031 Rituel de permutation
OBJ_018;Protection absolue;état : protections3;CHR_008 Gaara
OBJ_019;L’art éclate;vaincre Deidara;PSV_019 Argile explosive C1, PSV_071 Oiseau d’argile, PSV_110 Argile infinie
OBJ_020;Au-delà de l’illusion;vaincre Itachi;PSV_053 Flammes noires, ACT_017 Amaterasu (empreinte), ACT_018 Tsukuyomi (empreinte)
OBJ_021;Marionnettiste;état : familiers3;CHR_009 Kankurō, DEF_017 Trois marionnettes
OBJ_022;Cinq cœurs;vaincre Kakuzu;PSV_089 Cœur volé, PSV_129 Contrat de Kakuzu
OBJ_023;La douleur apaisée;vaincre Pain;ACT_019 Répulsion divine, ACT_020 Attraction céleste
OBJ_024;Compagnon fidèle;sallesFamiliers ≥ 30 (cumulé);CHR_010 Kiba, DEF_018 Le flair d’Akamaru
OBJ_025;Masque brisé;vaincre Obito;ACT_021 Espace-temps intangible
OBJ_026;Gardien apaisé;vaincre Le Gardien du Sceau;ACT_016 Invocation : grand crapaud, PSV_115 Lévitation de chakra
OBJ_027;Maître des marionnettes;vaincre Sasori sans dégâts;CHR_011 Sasori, DEF_019 Le dard du scorpion
OBJ_028;Rival ancien;vaincre Madara (empreinte);PSV_020 Chute céleste, ACT_026 Forêt naissante
OBJ_029;Dix queues;vaincre Empreinte des Dix Queues;PSV_014 Canon de chakra
OBJ_030;Fortune;état : ryo50;CHR_012 Kakuzu, PSV_121 Carte de membre de l’échoppe, DEF_020 Un seul cœur à prendre
OBJ_031;Collectionneur;état : objets12;PSV_126 Livre de l’ermite, PSV_120 Collier à deux charmes
OBJ_032;Premier pacte;pactes ≥ 1 (cumulé);PSV_091 Sceau maudit, PSV_139 Transfert du pacte
OBJ_033;Explorateur;rochersSceau ≥ 10 (cumulé);PSV_114 Rouleau des voies secrètes, PSV_106 Épingle de crochetage
OBJ_034;Métamorphose;transformations ≥ 1 (cumulé);PSV_146 Rasenshuriken (empreinte), PSV_152 Encre vivante
OBJ_035;Client fidèle;achats ≥ 15 (cumulé);PSV_124 Réputation de client, PSV_122 Coupon du marchand
OBJ_036;Donateur;dons ≥ 50 (cumulé);PSV_123 Livret d’épargne
OBJ_037;Technique scellée;actifsUtilises ≥ 30 (cumulé);ACT_024 Rasenshuriken, ACT_027 Sceau de scellement
OBJ_038;Chasseur;eliminations ≥ 500 (cumulé);PSV_145 Pluie d’armes, ACT_025 Dragons de feu
OBJ_039;Deuxième fin;fin RTE_02;PSV_131 Sceau de la mort (empreinte), ACT_029 Transfert d’esprit
OBJ_040;Réceptacle;fin RTE_01 avec Naruto;ALT_001 Naruto — Réceptacle fissuré
OBJ_041;Vengeance;fin RTE_01 avec Sasuke;ALT_002 Sasuke — Serment de vengeance
OBJ_042;Centaine;fin RTE_01 avec Sakura;ALT_003 Sakura — Sceau de la centaine
OBJ_043;Shukaku;fin RTE_01 avec Gaara;ALT_004 Gaara — Shukaku déchaîné
OBJ_044;Trois marionnettes;fin RTE_01 avec Kankurō;ALT_005 Kankurō — Trois marionnettes
OBJ_045;Cœurs de réserve;fin RTE_01 avec Kakuzu;ALT_006 Kakuzu — Cinq cœurs
OBJ_046;Lumière;fin RTE_03;PSV_144 Nature du sage, ACT_027 Sceau de scellement
OBJ_047;Ombre;fin RTE_04;PSV_140 Réincarnation impure (empreinte), ACT_021 Espace-temps intangible
OBJ_048;Conseil;fin RTE_05;DEF_010 Course de l’examen, DEF_011 Collectionneur pressé
OBJ_049;Brèche;fin RTE_06;PSV_020 Chute céleste
OBJ_050;Difficile;fin  en Difficile;DEF_012 Examen de jōnin
OBJ_051;Défi : taijutsu;fin  du défi DEF_001;PSV_040 Gants de taijutsu, PSV_092 Porte de la Vie
OBJ_052;Défi : obscurité;fin  du défi DEF_002;PSV_079 Luciole des ermites
OBJ_053;Défi : sans héritage;fin  du défi DEF_003;PSV_109 Parchemin d’invocation vide
OBJ_054;Défi : un seul cœur;fin  du défi DEF_004;PSV_096 Substitution instinctive
OBJ_055;Défi : explosifs;fin  du défi DEF_005;PSV_100 Parchemins à fragmentation, PSV_102 Parchemins incendiaires, PSV_103 Parchemins chercheurs
OBJ_056;Défi : clones;fin  du défi DEF_006;PSV_023 Clone de relais
OBJ_057;Défi : marchand;fin  du défi DEF_007;PSV_125 Dés de la grande perdante
OBJ_058;Défi : pacte;fin  du défi DEF_008;PSV_098 Chakra du démon scellé
OBJ_059;Défi : sable;fin  du défi DEF_009;PSV_150 Tempête de sable
OBJ_060;Défi : conseil;fin  du défi DEF_012;PSV_146 Rasenshuriken (empreinte)
OBJ_061;Contrat : Fleur de cerisier;fin  du défi DEF_013;
OBJ_062;Contrat : Le ninja copieur;fin  du défi DEF_014;
OBJ_063;Contrat : Œil blanc;fin  du défi DEF_015;
OBJ_064;Contrat : Ombres et nuages;fin  du défi DEF_016;
OBJ_065;Contrat : Trois marionnettes;fin  du défi DEF_017;
OBJ_066;Contrat : Le flair d’Akamaru;fin  du défi DEF_018;
OBJ_067;Contrat : Le dard du scorpion;fin  du défi DEF_019;
OBJ_068;Contrat : Un seul cœur à prendre;fin  du défi DEF_020;
OBJ_069;Contrat : Lave naissante;fin  du défi DEF_021;
OBJ_070;Contrat : Tempête dans la nuit;fin  du défi DEF_022;
OBJ_071;Contrat : Pureté;fin  du défi DEF_023;
OBJ_072;Contrat : Marathon;fin  du défi DEF_024;
OBJ_073;Contrat : Sans le sou;fin  du défi DEF_025;
OBJ_074;Contrat : Verre fragile;fin  du défi DEF_026;
OBJ_075;Contrat : Pas de plomb;fin  du défi DEF_027;
OBJ_076;Contrat : Collection éclair;fin  du défi DEF_028;
OBJ_077;Contrat : Pluie de papier;fin  du défi DEF_029;
OBJ_078;Contrat : L’épreuve des ermites;fin  du défi DEF_030;
OBJ_079;Kekkei genkai;état : fusion;DEF_021 Lave naissante, DEF_022 Tempête dans la nuit
OBJ_080;Bibliothèque des synergies;synergies ≥ 30 (cumulé);DEF_029 Pluie de papier, DEF_030 L’épreuve des ermites
