ID;Nom;Parent;Santé;Dég.;Cad.;Portée;Vit.;Tir;Actif;Règle;Déblocage
CHR_001;Naruto;;3;3.5;2.5;6;4.5;projectile / kunai;Multi-clonage;Obstination : à la dernière demi-unité de santé, +1 dégâts jusqu’à la fin de la salle.;départ
CHR_002;Sasuke;;3;3.5;2.5;6.5;4.6;charge_libre / shuriken;Chidori;"Foudre concentrée : le tir se charge (maintenir, relâcher). Dégâts ×0,5 à ×3 ; à pleine charge, le shuriken perce et enchaîne la foudre.";départ
CHR_003;Sakura;;3;4;2.2;4.5;4.4;projectile / poing;Ōkashō;Contrôle du chakra : les soins excédentaires sont stockés (6 demis au plus) et renforcent Ōkashō. Elle peut ramasser la vitalité à pleine santé.;départ
CHR_004;Kakashi;;3;3.5;2.5;6.5;4.6;projectile / kunai;Invocation des chiens ninja;Ninja copieur : deux emplacements d’actif (échange avec le bouton supérieur gauche). Pakkun signale les murs secrets de la salle.;OBJ_004
CHR_005;Rock Lee;;3;4.6;2.4;1.7;5.2;lame / coup;Porte de l’Ouverture;Taijutsu pur : frappe au corps-à-corps (arc de 100°). Les coups détruisent les projectiles ennemis ordinaires. Les objets de tir sont convertis (table de conversion).;OBJ_009
CHR_006;Hinata;;3;3;2.6;4.5;4.5;projectile / paume;Protection des huit trigrammes;Byakugan : le plan de l’étage et la cache de renseignements sont révélés. Ses paumes percent les ennemis.;OBJ_012
CHR_007;Shikamaru;;2+1p;3.5;2.4;6;4.3;projectile / kunai_ombre;Manipulation des ombres;"Stratège : chaque salle d’héritage propose deux objets au choix ; ses kunai immobilisent parfois (15 % + 3 % par point de chance, 50 % au plus).";OBJ_015
CHR_008;Gaara;;2+2p;3.8;2.2;6;3.7;projectile / sable;Cercueil de sable;"Bouclier de sable : absorbe le premier coup reçu dans chaque salle de combat non nettoyée ; vitesse de base réduite.";OBJ_018
CHR_009;Kankurō;;3;3.4;2.4;6.5;4.3;projectile / lame_poison;Kuroari : piège;Marionnettiste : ses tirs partent de Karasu, qui flotte entre lui et la direction visée et bloque les projectiles qui le touchent.;OBJ_021
CHR_010;Kiba;;3;3.8;2.4;4;4.8;projectile / griffe;Crocs sur crocs;Flair : Akamaru attaque au contact et creuse (10 % de trouver une ressource à la fin d’une salle nettoyée).;OBJ_024
CHR_011;Sasori;;0+3p;3.5;2.5;6;4.4;projectile / senbon;Pluie de senbon empoisonnés;"Corps de marionnette : aucun contenant de vitalité. Les contenants obtenus deviennent une réserve de chakra ; la vitalité au sol est ignorée. Senbon empoisonnés (35 %).";OBJ_027
CHR_012;Kakuzu;;2;3.4;2.2;6;4.3;projectile / element;Fils de Jiongu;"Avarice : trois tirs élémentaires en éventail. Blessé, chaque Ryō ramassé soigne une demi-unité au lieu d’être gardé. Trois contenants au plus ; pactes payés 15 Ryō par contenant.";OBJ_030
ALT_001;Naruto — Réceptacle fissuré;CHR_001;1;3.5;2.5;6;4.5;projectile / kunai;Relais;Clones comme ressource : jusqu’à 4 clones l’accompagnent et tirent (35 % des dégâts). Un coup reçu fait disparaître un clone avant la santé. Chaque salle de combat nettoyée rend un clone.;OBJ_040
ALT_002;Sasuke — Serment de vengeance;CHR_002;1+2i;3.5;2.5;6;4.5;charge_libre / shuriken;Chidori;Pactes spécifiques : après chaque boss, une salle de pacte s’ouvre toujours, jamais un sanctuaire. Un pacte lui coûte 3 demis de chakra instable par contenant. +0,5 dégâts par pacte conclu.;OBJ_041
ALT_003;Sakura — Sceau de la centaine;CHR_003;2;4;2.2;4.5;4.4;projectile / poing;Ōkashō;Santé fragmentée : deux contenants au plus. Tout soin au-delà remplit le sceau (12 demis) qui rend automatiquement la santé quand elle tombe à la dernière demi-unité.;OBJ_042
ALT_004;Gaara — Shukaku déchaîné;CHR_008;1+3p;3.8;2;6;3.5;projectile / sable;Cercueil de sable;Tirs différés : le sable s’arrête à mi-course et reste suspendu (12 grains au plus). Relâcher la visée fait converger tous les grains vers la dernière direction.;OBJ_043
ALT_005;Kankurō — Trois marionnettes;CHR_009;3;3.4;2.4;6.5;4.3;projectile / lame_poison;Kuroari : piège;Marionnettes échangeables (bouton supérieur gauche) : Karasu (éventail de lames), Kuroari (orbe lent qui immobilise), Sanshōuo (bouclier frontal, tir faible).;OBJ_044
ALT_006;Kakuzu — Cinq cœurs;CHR_012;1;3.4;2.2;6;4.3;projectile / element;Fils de Jiongu;Inventaire reconstruit : à chaque nouvel étage, un passif au hasard est remplacé par un autre de même qualité. Quatre cœurs de réserve : à la mort, il se relève avec un contenant et en perd un.;OBJ_045
