ID;Nom;Type;Forme;Étages;Portes;Ennemis;Cases praticables
ROM_000;Seuil du labyrinthe;depart;1x1;tous;toutes;0;91 / 91
ROM_001;Deux piliers, deux lignes de tir;combat;1x1;tous;toutes;3;85 / 91
ROM_002;Cour d’entraînement;combat;1x1;tous;toutes;3;89 / 91
ROM_003;Quatre rochers;combat;1x1;tous;toutes;4;79 / 91
ROM_004;Jarres oubliées;combat;1x1;tous;toutes;3;87 / 91
ROM_005;Croix de pierre;combat;1x1;1-9;toutes;4;80 / 91
ROM_006;Fosse centrale;combat;1x1;tous;toutes;4;76 / 91
ROM_007;Allée de pics;combat;1x1;2-9;toutes;2;83 / 91
ROM_008;Couloir de rochers;combat;1x1;tous;toutes;4;73 / 91
ROM_009;Brasero gardé;combat;1x1;2-9;toutes;3;87 / 91
ROM_010;Nuée dans la cour;combat;1x1;tous;toutes;4;88 / 91
ROM_011;Échiquier;combat;1x1;tous;toutes;3;73 / 91
ROM_012;Îlot de l’invocateur;combat;1x1;2-9;toutes;3;81 / 91
ROM_013;Embuscade;combat;1x1;tous;toutes;4;89 / 91
ROM_014;Salle vide aux caisses;combat;1x1;tous;toutes;0;83 / 91
ROM_015;Deux murets;combat;1x1;tous;toutes;2;73 / 91
ROM_016;Tourelles d’angle;combat;1x1;2-9;toutes;5;87 / 91
ROM_017;Chargeurs en couloir;combat;1x1;tous;toutes;2;79 / 91
ROM_018;Anneau de pierre;combat;1x1;tous;toutes;3;72 / 91
ROM_019;Toiles et sauteurs;combat;1x1;1-6;toutes;3;91 / 91
ROM_020;Gardien et tireurs;combat;1x1;3-9;toutes;3;89 / 91
ROM_021;Fosses jumelles;combat;1x1;tous;toutes;2;67 / 91
ROM_022;Rampants sous les pierres;combat;1x1;2-9;toutes;3;82 / 91
ROM_023;Pièges du couloir;combat;1x1;3-9;toutes;4;86 / 91
ROM_024;Soigneur protégé;combat;1x1;4-9;toutes;5;84 / 91
ROM_025;Lourd au centre;combat;1x1;2-9;toutes;1;87 / 91
ROM_026;Diagonale;combat;1x1;tous;toutes;3;83 / 91
ROM_027;Tireurs prédictifs;combat;1x1;3-9;toutes;3;87 / 91
ROM_028;Salle aux jarres;combat;1x1;tous;toutes;2;79 / 91
ROM_029;Pont de pierre;combat;1x1;2-9;toutes;3;51 / 91
ROM_030;Crocs de pierre;combat;1x1;tous;toutes;2;79 / 91
ROM_031;Sanctuaire de nuées;combat;1x1;3-9;toutes;3;87 / 91
ROM_032;Arène ouverte;combat;1x1;2-9;toutes;6;91 / 91
ROM_033;Bloc à clé;combat;1x1;tous;toutes;2;82 / 91
ROM_034;Rochers à fouiller;combat;1x1;tous;toutes;0;69 / 91
ROM_035;Quatre colonnes;combat;1x1;tous;toutes;4;75 / 91
ROM_036;Fosse en croix;combat;1x1;2-9;toutes;4;73 / 91
ROM_037;Galerie des caisses;combat;1x1;tous;toutes;3;82 / 91
ROM_038;Ronde au-dessus du vide;combat;1x1;tous;toutes;4;73 / 91
ROM_039;Couloir central;combat;1x1;tous;toutes;4;79 / 91
ROM_043;Champ de pics;combat;1x1;2-9;toutes;3;75 / 91
ROM_044;Tourelle centrale;combat;1x1;2-9;toutes;3;87 / 91
ROM_045;Feux de veille;combat;1x1;3-9;toutes;3;87 / 91
ROM_046;Caisses piégées;combat;1x1;tous;toutes;4;87 / 91
ROM_047;Allée des lanceurs;combat;1x1;2-9;toutes;4;83 / 91
ROM_048;Petit labyrinthe;combat;1x1;tous;toutes;3;63 / 91
ROM_049;Îlots de pierre;combat;1x1;tous;toutes;3;73 / 91
ROM_050;Le guet;combat;1x1;3-9;toutes;5;89 / 91
ROM_051;Rampants entre les fosses;combat;1x1;2-9;toutes;4;75 / 91
ROM_052;Invocateur retranché;combat;1x1;3-9;toutes;3;81 / 91
ROM_053;Salle de classe;combat;1x1;tous;toutes;4;75 / 91
ROM_054;Sous les racines;combat;1x1;tous;toutes;3;75 / 91
ROM_055;Dunes et embuscades;combat;1x1;tous;toutes;4;84 / 91
ROM_056;Atelier encombré;combat;1x1;tous;toutes;4;71 / 91
ROM_057;Rangée de cuves;combat;1x1;tous;toutes;3;75 / 91
ROM_058;Canal et passerelles;combat;1x1;tous;toutes;4;69 / 91
ROM_059;Antre aux braseros;combat;1x1;tous;toutes;3;72 / 91
ROM_064;Tranchées;combat;1x1;tous;toutes;4;79 / 91
ROM_065;Bassin des crapauds;combat;1x1;tous;toutes;3;75 / 91
ROM_066;Sceaux brisés;combat;1x1;tous;toutes;3;83 / 91
ROM_092;Dojo d’entraînement;combat;1x1;tous;toutes;4;83 / 91
ROM_093;Toiles géantes;combat;1x1;tous;toutes;3;91 / 91
ROM_094;Sables mouvants;combat;1x1;tous;toutes;4;73 / 91
ROM_095;Chaîne de montage;combat;1x1;tous;toutes;4;79 / 91
ROM_096;Serpentarium;combat;1x1;tous;toutes;3;69 / 91
ROM_097;Brume sur l’écluse;combat;1x1;tous;toutes;3;51 / 91
ROM_098;Salle du conseil;combat;1x1;tous;toutes;4;83 / 91
ROM_099;Champ de cratères;combat;1x1;tous;toutes;3;75 / 91
ROM_075;Cascade aux crapauds;combat;1x1;tous;toutes;4;80 / 91
ROM_076;Chaînes du sceau;combat;1x1;tous;toutes;3;75 / 91
ROM_040;Couloir horizontal;combat;1x1;tous;gauche, droite;3;39 / 91
ROM_041;Couloir vertical;combat;1x1;tous;haut, bas;3;35 / 91
ROM_042;Couloir de fosses;combat;1x1;tous;gauche, droite;2;31 / 91
ROM_067;Passerelle sur le vide;combat;1x1;tous;gauche, droite;3;39 / 91
ROM_068;Puits de pierre;combat;1x1;tous;haut, bas;2;31 / 91
ROM_060;Longue galerie;combat;2x1;tous;toutes;5;176 / 182
ROM_061;Galerie des fosses;combat;2x1;tous;toutes;4;150 / 182
ROM_062;Haute tour;combat;1x2;tous;toutes;6;176 / 182
ROM_063;Grand hall;combat;2x2;tous;toutes;8;340 / 364
ROM_071;Salle en équerre (L1);combat;L1;tous;toutes;4;261 / 273
ROM_072;Salle en équerre (L2);combat;L2;tous;toutes;5;261 / 273
ROM_073;Salle en équerre (L3);combat;L3;tous;toutes;5;261 / 273
ROM_074;Salle en équerre (L4);combat;L4;tous;toutes;4;261 / 273
ROM_080;Pont des deux rives;combat;2x1;tous;toutes;6;152 / 182
ROM_081;Salle des colonnes;combat;2x1;tous;toutes;5;150 / 182
ROM_082;Champ de bataille;combat;2x1;3-9;toutes;5;174 / 182
ROM_083;Puits vertical;combat;1x2;tous;toutes;6;162 / 182
ROM_084;Escalier de pierre;combat;1x2;tous;toutes;6;168 / 182
ROM_085;Couloir des pièges;combat;1x2;2-9;toutes;4;150 / 182
ROM_086;Cour du château;combat;2x2;tous;toutes;8;332 / 364
ROM_087;Lac intérieur;combat;2x2;2-9;toutes;11;304 / 364
ROM_088;Équerre aux fosses (L1);combat;L1;tous;toutes;6;239 / 273
ROM_089;Équerre des chargeurs (L2);combat;L2;tous;toutes;6;254 / 273
ROM_090;Équerre des braseros (L3);combat;L3;2-9;toutes;5;241 / 273
ROM_091;Équerre de pierre (L4);combat;L4;tous;toutes;6;254 / 273
ROM_100;Salle d’héritage;heritage;1x1;tous;toutes;0;91 / 91
ROM_101;Héritage entre les rochers;heritage;1x1;2-9;toutes;0;85 / 91
ROM_102;Héritage sur l’îlot;heritage;1x1;3-9;toutes;0;72 / 91
ROM_110;Échoppe clandestine;boutique;1x1;tous;toutes;0;91 / 91
ROM_111;Échoppe des remparts;boutique;1x1;tous;toutes;0;83 / 91
ROM_120;Arène du gardien;boss;1x1;tous;toutes;0;91 / 91
ROM_121;Arène aux piliers;boss;1x1;tous;toutes;0;87 / 91
ROM_130;Cache de renseignements;cache;1x1;tous;toutes;0;91 / 91
ROM_131;Cache au trésor;cache;1x1;tous;toutes;0;91 / 91
ROM_140;Chambre de scellement isolée;isolee;1x1;tous;toutes;0;91 / 91
ROM_150;Autel de tribut;sacrifice;1x1;tous;toutes;0;91 / 91
ROM_160;Chambre au sceau blessant;malediction;1x1;tous;toutes;0;91 / 91
ROM_161;Chambre au sceau blessant (gardée);malediction;1x1;2-9;toutes;4;91 / 91
ROM_170;Épreuve de l’examen chūnin;defi;1x1;tous;toutes;0;91 / 91
ROM_175;Épreuve de jōnin;defi_boss;1x1;tous;toutes;0;91 / 91
ROM_180;Comptoir des contrebandiers;dispositifs;1x1;tous;toutes;0;91 / 91
ROM_181;Marché couvert;dispositifs;1x1;tous;toutes;0;91 / 91
ROM_185;Bibliothèque d’empreintes;bibliotheque;1x1;tous;toutes;0;83 / 91
ROM_186;Rayonnages;bibliotheque;1x1;tous;toutes;0;79 / 91
ROM_190;Chambre forte;coffres;1x1;tous;toutes;0;91 / 91
ROM_191;Trésor entre les rochers;coffres;1x1;tous;toutes;0;87 / 91
ROM_195;Source chaude;repos;1x1;tous;toutes;0;91 / 91
ROM_196;Source entre les pierres;repos;1x1;tous;toutes;0;87 / 91
ROM_199;Pacte interdit;pacte;1x1;tous;toutes;0;91 / 91
ROM_198;Sanctuaire des ermites;sanctuaire;1x1;tous;toutes;0;91 / 91
