ID;Nom;Indice en jeu;Solution
SEC_001;Cache de renseignements;Deux salles partagent un mur où rien ne passe…;"Emplacement voisin d’au moins deux salles ordinaires (souvent trois) ; un explosif contre le mur l’ouvre."
SEC_002;Chambre isolée;Une salle ordinaire, un seul voisin : le vide derrière elle.;Case voisine d’exactement une salle de combat et de rien d’autre.
SEC_003;Rocher à sceau;Une spirale claire sur un rocher.;Un explosif le brise : réserve, clé, explosifs ou Ryō.
SEC_004;Statue du pacte;Le serpent de pierre du laboratoire regarde vers vous.;Un explosif réveille une mue gardienne qui garde un objet de pacte.
SEC_005;Statue du sanctuaire;Le crapaud de pierre semble dormir.;"Un explosif le réveille ; vaincu, il laisse un fragment de la clé des ermites."
SEC_006;Clé des ermites;Deux fragments font une clé.;Deux crapauds gardiens vaincus : la clé ouvre le rayon de la Lumière même après un pacte.
SEC_007;Autel de tribut;Le sang nourrit la pierre, par paliers.;Paliers stockés (1 à 12) : Ryō, coffres, réserves, objets du sanctuaire, faveur, puis objet de pacte avec cicatrice.
SEC_008;Brèche instable;Arriver tôt au dernier gardien.;Salle du boss de l’étage 8 atteinte en moins de 30:00 : une fissure s’ouvre après la victoire.
SEC_009;Conseil des épreuves;Les juges n’attendent pas les retardataires.;Boss de l’étage 6 vaincu en moins de 20:00.
SEC_010;Pont de débris;Un rocher près d’une fosse…;Faire exploser un rocher adjacent à une fosse la comble (pont).
SEC_011;Pakkun le fin limier;Les chiens ont du flair.;Kakashi et Pakkun signalent un mur secret en entrant dans une salle qui en possède un.
SEC_012;Refuser un pacte;Les ermites observent ceux qui repartent les mains vides.;Visiter une salle de pacte sans acheter augmente le poids du sanctuaire (+0,25 par refus).
SEC_013;Machines fragiles;Une loterie n’aime pas les explosions.;Un explosif détruit une machine : 2 à 4 Ryō ou demi-cœurs.
SEC_014;Marchand de pierre;La statue de l’échoppe cache sa caisse.;Un explosif sur la statue libère 3 à 6 Ryō (une fois).
SEC_015;Chaînes de la fin;Dans les profondeurs, les chaînes cèdent après le combat.;Variante « Chambre des chaînes » : les blocs de chaîne s’effacent quand la salle est nettoyée.
