ID;Nom;Chapitre;Sol / murs;Décor;Musique;Variantes (règle)
THM_ACA;Sous-sols de l’Académie;1;planches / briques;cible, parchemin, lanterne;yo, 88 bpm, koto;"Salles d’entraînement : Jarres et caisses fréquentes : plus de ressources cachées, moins de couverture solide. ; Archives inondées : Des flaques d’eau ralentissent la marche (pas le vol)."
THM_FOR;Forêt de la Mort;1;terre / racines;champignon, fougere, os;in, 80 bpm, flute;"Sous-bois : Des toiles collantes ralentissent ; le feu les détruit. ; Racines géantes : Plus d’obstacles : couverture abondante, lignes de tir coupées."
THM_SUN;Cavernes de Suna;2;sable / roche;os, jarre_sable, cristal;ryukyu, 92 bpm, koto;"Grottes de sable : Des sables mouvants ralentissent et attirent vers leur centre. ; Galeries de verre : Des cristaux font rebondir les projectiles (alliés et ennemis)."
THM_MAR;Ateliers de marionnettes;2;dalles / planches;bras, fil, lanterne;in, 96 bpm, koto;"Atelier : Des pics mécaniques sortent et rentrent selon un cycle visible. ; Entrepôt des cent marionnettes : Des marionnettes inertes bloquent le passage ; certaines s’animent."
THM_ORO;Laboratoires d’Orochimaru;3;metal / metal;cuve, tuyau, mue;sombre, 76 bpm, flute;"Salle des cuves : Des flaques d’acide blessent au contact (pas en vol). ; Serpentarium : Des nids de serpenteaux libèrent des nuées quand on les frappe."
THM_KIR;Canaux de Kiri;3;pierre / roche;algue, chaine, lanterne;in, 72 bpm, flute;"Canaux brumeux : Brume : visibilité réduite autour du shinobi ; les ennemis restent contourés. ; Écluses : Des courants poussent dans une direction affichée."
THM_AKA;Repaires de l’Akatsuki;4;pierre / roche;nuage, anneau, bougie;sombre, 84 bpm, koto;"Grotte du scellement : Pénombre : les lanternes et le feu éclairent ; les dangers restent lisibles. ; Tour d’Ame : Pluie : flaques conductrices (la foudre s’y propage), le feu y dure moitié moins."
THM_GUE;Champs de guerre scellés;4;terre / roche;arme, drapeau, os;in, 100 bpm, koto;"Plaine de cratères : Cratères (fosses) : le vol devient précieux, les explosifs créent des ponts. ; Forêt de Zetsu : Des Zetsu blancs surgissent du sol en renfort pendant les combats."
THM_MYO;Mont Myōboku (empreinte);5;mousse / roche;champignon, lanterne, fougere;yo, 76 bpm, flute;Sentiers des crapauds : Flaques d’huile des crapauds : le Katon les embrase.
THM_BIJ;Profondeurs du sceau des bijū;5;pierre / metal;chaine, sceau, bougie;sombre, 88 bpm, koto;Chambre des chaînes : Chaînes de sceau : murs temporaires qui s’ouvrent quand la salle est nettoyée.
