id;nom;statut;niveau_detail;cartes;role_carte;pv;resistance;silhouette;hitbox;entree;deplacement;phases;attaques;vulnerabilites;controle;conclusion;mecanique
BOS_001;Zabuza Momochi;OA;integral;"[""MAP_002""]";final;90000;0.2;"48 × 48 px dans un canevas 96 × 64 ; grand couperet horizontal qui dépasse de 20 px ; bandages sur le bas du visage.";"Cercle de 0,9 m (corps) ; le couperet n'est dangereux que pendant ses attaques (hitbox d'attaque dédiée).";"2,0 s : la brume se lève, silhouette sur un pilier, couperet planté ; passable.";Se déplace de brume en brume : reste à 5–7 m, fonce au contact pour les tranchants, se retire dans la brume après chaque combo.;"[{""seuil"": ""100–60 %"", ""changements"": ""Couperet + dragons d'eau ; brume partielle.""}, {""seuil"": ""60–25 %"", ""changements"": ""Brume de Kiri totale (visibilité 9 m, Zabuza toujours contouré) ; 2 clones d'eau (PV 3 % chacun).""}, {""seuil"": ""25–0 %"", ""changements"": ""Démon de la brume : enchaîne tranchants et prisons, récupérations plus courtes (−25 %).""}]";"[{""nom"": ""Tranche du couperet"", ""zone"": ""Arc de 150° à 3,5 m devant lui"", ""avertissement"": 0.7, ""active"": 0.2, ""degats"": 28, ""recuperation"": 1.0, ""reponse"": ""Esquiver latéralement ou sortir de l'arc"", ""info"": ""visible""}, {""nom"": ""Lancer du couperet"", ""zone"": ""Ligne de 1,2 m de large sur 14 m, aller-retour"", ""avertissement"": 0.9, ""active"": 1.4, ""degats"": 24, ""recuperation"": 1.5, ""reponse"": ""Sortir de la ligne ; fenêtre de vulnérabilité pendant qu'il est désarmé (dégâts reçus +25 %)"", ""info"": ""visible""}, {""nom"": ""Suiryūdan (dragon d'eau)"", ""zone"": ""Projectile sinueux (amplitude 1 m) de 1 m de large"", ""avertissement"": 1.0, ""active"": 1.6, ""degats"": 20, ""recuperation"": 1.2, ""reponse"": ""Se placer hors de l'enveloppe sinusoïdale dessinée au sol"", ""info"": ""visible""}, {""nom"": ""Suirō (prison aqueuse)"", ""zone"": ""Cercle de 1,5 m sous le joueur, suit 0,6 s puis se fige"", ""avertissement"": 1.2, ""active"": 0.3, ""degats"": 10, ""recuperation"": 2.0, ""reponse"": ""Sortir du cercle après qu'il s'est figé ; si pris : 1,5 s d'immobilité, les ennemis ordinaires reculent (aucun combo garanti)"", ""info"": ""apprise""}, {""nom"": ""Assassinat silencieux"", ""zone"": ""Marqueur au sol derrière le joueur (croix blanche) puis tranche de 2 m"", ""avertissement"": 0.8, ""active"": 0.2, ""degats"": 34, ""recuperation"": 1.8, ""reponse"": ""Esquiver vers l'avant au son de la brume (signal sonore + croix)"", ""info"": ""apprise""}]";"Désarmé après le lancer (+25 % 2 s) ; se fige 1 s en sortant de la brume (+15 %).";"Rc de base 20 % ; immunisé au déplacement forcé (conversion en Vulnérable).";"Le couperet se plante au sol, Zabuza tombe à genoux ; 1,2 s ; le couperet reste 10 s comme décor.";
BOS_002;Haku;OA;integral;"[""MAP_002""]";lieutenant;12000;0.1;"28 px de haut (humain) + masque de chasseur blanc à contour épais ; miroirs de 16 × 24 px.";"Cercle de 0,4 m ; dans les miroirs : hitbox déplacée au miroir occupé (le reflet actif est plus lumineux).";1,5 s : senbon lancés en éventail sur le sol (décor), Haku atterrit.;"Mobile et distant (6–8 m) ; pendant la phase de miroirs, se téléporte de miroir en miroir.";"[{""seuil"": ""100–50 %"", ""changements"": ""Senbon et aiguilles d'eau.""}, {""seuil"": ""50–0 %"", ""changements"": ""Makyō Hyōshō : 12 miroirs en cercle de 7 m autour du joueur (brèches de 1,5 m entre les miroirs pour sortir).""}]";"[{""nom"": ""Senbon en éventail"", ""zone"": ""Éventail de 7 aiguilles sur 40°, portée 9 m"", ""avertissement"": 0.5, ""active"": 0.4, ""degats"": 8, ""recuperation"": 0.8, ""reponse"": ""Bouger perpendiculairement"", ""info"": ""visible""}, {""nom"": ""Sensatsu Suishō (aiguilles d'eau)"", ""zone"": ""Anneau d'aiguilles qui se forme à 2 m autour du joueur puis converge"", ""avertissement"": 0.9, ""active"": 0.3, ""degats"": 18, ""recuperation"": 1.5, ""reponse"": ""Esquiver hors de l'anneau (le cercle apparaît en premier)"", ""info"": ""visible""}, {""nom"": ""Tir de miroir"", ""zone"": ""Ligne entre le miroir actif et le joueur (1 m de large)"", ""avertissement"": 0.6, ""active"": 0.2, ""degats"": 12, ""recuperation"": 0.4, ""reponse"": ""Observer le miroir lumineux, se décaler"", ""info"": ""apprise""}, {""nom"": ""Tempête de miroirs"", ""zone"": ""8 lignes simultanées depuis 8 miroirs (lignes pointillées)"", ""avertissement"": 1.4, ""active"": 0.3, ""degats"": 14, ""recuperation"": 3.0, ""reponse"": ""Trouver l'intervalle sûr (toujours au moins un secteur libre de 30°) ou sortir par une brèche"", ""info"": ""visible""}]";"Après la Tempête de miroirs, sort du miroir 3 s (+30 %) ; les miroirs peuvent être brisés (PV 400) pour réduire les lignes.";Rc de base 10 %.;"Les miroirs fondent en eau ; Haku pose un genou à terre, masque fendu ; 1,0 s.";
BOS_003;Orochimaru;OA;detaille;"[""MAP_003""]";final;110000;0.25;"32 px (humain élancé) ; serpents qui sortent des manches en extension jusqu'à 64 px.";"Corps 0,45 m ; les serpents sont des hitbox d'attaque, ciblables (PV 1 % chacun) pour interrompre.";"2,0 s : sort de la bouche d'un serpent géant (décor) ; passable.";"Recul et mues : garde 6 m ; se fond dans le sol pour réapparaître (bulle au sol 1 s).";"[{""seuil"": ""100–50 %"", ""changements"": ""Serpents et mues.""}, {""seuil"": ""50–0 %"", ""changements"": ""Manda en arrière-plan (décor) crache des nuées de serpents ; Kusanagi.""}]";"[{""nom"": ""Sen'ei Jashu"", ""zone"": ""4 lignes de serpents de 7 m vers le joueur"", ""avertissement"": 0.8, ""active"": 0.6, ""degats"": 16, ""recuperation"": 1.0, ""reponse"": ""Esquive latérale ; les serpents se retirent"", ""info"": ""visible""}, {""nom"": ""Mue"", ""zone"": ""Aucune : restaure 5 % de PV"", ""avertissement"": 1.5, ""active"": 0, ""degats"": 0, ""recuperation"": 2.0, ""reponse"": ""Interrompre en infligeant 2 % de PV pendant l'avertissement (peau qui se fend)"", ""info"": ""apprise""}, {""nom"": ""Kusanagi — Estoc allongé"", ""zone"": ""Ligne de 12 m, 0,6 m de large"", ""avertissement"": 0.9, ""active"": 0.2, ""degats"": 30, ""recuperation"": 1.4, ""reponse"": ""Sortir de la ligne"", ""info"": ""visible""}]";Pendant la mue interrompue : Étourdi 1,5 s (+20 %).;Rc de base 20 %.;"Se dissout en serpents qui fuient ; 1,2 s.";
BOS_004;Gaara (Shukaku partiel);OA;integral;"[""MAP_004""]";final;105000;0.3;"Phase 1 : 28 px avec gourde ; phase 2 : bras et queue de sable (64 × 48 px) ; phase 3 : demi-Shukaku (96 px, partie inférieure dans le sable).";"Phase 1 : 0,4 m ; phase 2 : corps 0,5 m (la queue est dangereuse mais pas ciblable) ; phase 3 : torse ciblable (cercle 1,8 m), bras = zones dangereuses télégraphiées, reste du sprite décoratif.";1,8 s : le sable s'échappe de la gourde et forme un cercle autour de l'arène.;"Immobile (défense absolue) en phase 1 ; lent en phase 2 ; fixe au centre en phase 3 (le terrain vient à lui).";"[{""seuil"": ""100–65 %"", ""changements"": ""Défense automatique : un bouclier de sable absorbe les projectiles ; il faut frapper au contact ou par-dessus (DIFFERE) ou en contournant par l'arrière (le bouclier suit à 120°/s).""}, {""seuil"": ""65–30 %"", ""changements"": ""Shukaku partiel : balles d'air, griffes de sable, sol de sable qui ralentit (surface SABLE ennemie).""}, {""seuil"": ""30–0 %"", ""changements"": ""Demi-Shukaku : Gaara dort dans le front (point faible lumineux) ; frapper le front accélère la fin.""}]";"[{""nom"": ""Sabaku Kyū"", ""zone"": ""Cercle de 2 m qui suit le joueur 1 s puis se fige et se referme"", ""avertissement"": 1.3, ""active"": 0.4, ""degats"": 30, ""recuperation"": 1.5, ""reponse"": ""Continuer de bouger ; sortir après le figement"", ""info"": ""visible""}, {""nom"": ""Suna Shuriken"", ""zone"": ""8 shuriken de sable en arc de 90°"", ""avertissement"": 0.6, ""active"": 0.6, ""degats"": 10, ""recuperation"": 0.8, ""reponse"": ""Se glisser entre deux shuriken (espacés de 1,2 m au minimum)"", ""info"": ""visible""}, {""nom"": ""Griffe de sable"", ""zone"": ""Rectangle de 8 × 3 m qui balaie depuis Gaara"", ""avertissement"": 1.0, ""active"": 0.3, ""degats"": 26, ""recuperation"": 1.2, ""reponse"": ""Passer derrière le bras ou reculer hors de portée"", ""info"": ""visible""}, {""nom"": ""Balle d'air de Shukaku"", ""zone"": ""Projectile lent de 1,5 m qui explose en 3 m"", ""avertissement"": 1.2, ""active"": 1.5, ""degats"": 32, ""recuperation"": 1.8, ""reponse"": ""S'éloigner de la trajectoire ; l'explosion est annoncée par un cercle qui grandit"", ""info"": ""visible""}, {""nom"": ""Sabaku Taisō (grand enterrement)"", ""zone"": ""Arène entière sauf 3 îlots circulaires de 3 m"", ""avertissement"": 2.5, ""active"": 1.0, ""degats"": 45, ""recuperation"": 3.0, ""reponse"": ""Rejoindre un îlot (toujours au moins un à < 6 m du joueur)"", ""info"": ""apprise""}]";"Phase 1 : dos découvert quand le bouclier se reforme (0,5 s) ; phase 3 : front lumineux (+50 %).";"Rc de base 30 % ; en phase 3, immunité au déplacement (conversion en Vulnérable).";"Le sable s'effondre, Gaara tombe du front ; 1,5 s ; la gourde reste au sol.";
BOS_005;Shukaku (bête à une queue);OA;identite;"[""MAP_004""]";variante de rang A et plus;150000;0.3;"Tanuki de sable de 192 px ; seul le bas du corps et les bras entrent dans le champ.";"Ventre (cercle 2,5 m) ciblable ; bras et queue dangereux télégraphiés ; tête décorative.";2,5 s : sortie du sable avec secousse locale (pas de secousse caméra obligatoire).;"Fixe ; déplace le terrain (dunes).";;;;;"Le sable s'écroule en dune ; 2,0 s.";"Tempête de balles d'air en quadrillage ; le joueur doit lire les colonnes libres."
BOS_006;Kimimaro Kaguya;OA;identite;"[""MAP_005""]";final;100000;0.25;"30 px ; os saillants ; en phase 2, queue d'os (marque maudite).";"0,45 m ; les forêts d'os sont des obstacles dangereux mais destructibles.";1,5 s : sort d'un cercueil (décor).;"Agressif au contact ; danse en arcs.";;;;;"Une lance d'os s'arrête à 1 m du joueur ; il s'effondre ; 1,5 s.";"Danses successives (camélia, saule, mélèze, clématite) ; chaque danse change la portée ; la forêt d'os (Sawarabi) remodèle l'arène en couloirs."
BOS_007;Kisame Hoshigaki;OA;detaille;"[""MAP_010""]";final;120000;0.25;"36 px, Samehada en diagonale ; en phase 3, forme de requin (48 px).";"0,5 m ; dans le dôme d'eau, il nage (hitbox inchangée).";2,0 s : jaillit du lac.;"Au contact avec Samehada ; phase 3 dans le dôme d'eau, nage rapide en cercles.";"[{""seuil"": ""100–60 %"", ""changements"": ""Samehada ; requins.""}, {""seuil"": ""60–30 %"", ""changements"": ""Bakusui Shōha : l'arène est inondée.""}, {""seuil"": ""30–0 %"", ""changements"": ""Suirō Sameodori : dôme d'eau de 12 m ; le joueur est ralenti mais peut en sortir par 3 brèches.""}]";"[{""nom"": ""Samehada — Balayage"", ""zone"": ""Arc de 180° à 3 m, vole 5 chakra au joueur"", ""avertissement"": 0.8, ""active"": 0.3, ""degats"": 26, ""recuperation"": 1.0, ""reponse"": ""Esquiver ; le vol de chakra est affiché"", ""info"": ""visible""}, {""nom"": ""Goshokuzame"", ""zone"": ""5 requins qui partent en étoile puis reviennent"", ""avertissement"": 1.0, ""active"": 2.0, ""degats"": 18, ""recuperation"": 1.5, ""reponse"": ""Se placer entre deux branches de l'étoile"", ""info"": ""visible""}, {""nom"": ""Daikōdan"", ""zone"": ""Requin géant de 3 m de large sur 16 m"", ""avertissement"": 1.6, ""active"": 1.2, ""degats"": 40, ""recuperation"": 2.5, ""reponse"": ""Sortir du couloir annoncé ; absorbe les projectiles du joueur (visible)"", ""info"": ""visible""}]";Après Daikōdan (épuisé 2 s, +20 %).;Rc 25 %.;"Samehada se détache et rampe hors de l'écran ; 1,5 s.";
BOS_008;Itachi Uchiha;OA;integral;"[""MAP_009""]";final;115000;0.3;"30 px ; manteau à nuages rouges à contour blanc ; Susanoo orange en phase 3 (128 px, translucide).";"0,45 m ; en phase 3, Itachi reste au centre du Susanoo (seul Itachi est ciblable ; le Susanoo est décoratif sauf l'épée et le miroir).";"2,0 s : nuée de corbeaux qui se rassemble ; passable.";"Distance moyenne (5 m) ; clones de corbeaux pour se repositionner ; ne poursuit jamais.";"[{""seuil"": ""100–65 %"", ""changements"": ""Katon et clones de corbeaux.""}, {""seuil"": ""65–35 %"", ""changements"": ""Genjutsu et Amaterasu ; l'arène se couvre de flammes noires localisées.""}, {""seuil"": ""35–0 %"", ""changements"": ""Susanoo : Totsuka et Yata ; attaques plus lentes et plus larges.""}]";"[{""nom"": ""Gōkakyū"", ""zone"": ""Boule de feu de 1,5 m vers le joueur, explosion 3 m"", ""avertissement"": 0.9, ""active"": 1.0, ""degats"": 24, ""recuperation"": 1.0, ""reponse"": ""Esquiver latéralement"", ""info"": ""visible""}, {""nom"": ""Clone de corbeaux"", ""zone"": ""Leurre : 2 Itachi, le vrai a une ombre au sol, le faux explose en corbeaux (Aveuglé 1 s)"", ""avertissement"": 0.5, ""active"": 0, ""degats"": 0, ""recuperation"": 0.5, ""reponse"": ""Frapper celui qui a une ombre"", ""info"": ""apprise""}, {""nom"": ""Tsukuyomi"", ""zone"": ""Regard : cône de 60° sur 8 m ; si le joueur y est à la fin, 1,5 s d'illusion (écran figé localement, le joueur continue de bouger : aucune perte de contrôle, les ennemis ralentis)"", ""avertissement"": 1.5, ""active"": 0.1, ""degats"": 20, ""recuperation"": 2.0, ""reponse"": ""Sortir du cône ou regarder ailleurs (se déplacer dos à lui réduit l'effet de moitié)"", ""info"": ""apprise""}, {""nom"": ""Amaterasu"", ""zone"": ""Flammes noires qui apparaissent sur un point (cercle 1,5 m) après fixation de l'œil"", ""avertissement"": 1.0, ""active"": 4.0, ""degats"": 12, ""recuperation"": 1.5, ""reponse"": ""Ne pas rester sur le point fixé ; les flammes restent 4 s (surface ennemie)"", ""info"": ""visible""}, {""nom"": ""Épée de Totsuka"", ""zone"": ""Ligne de 10 m, 1,5 m de large ; scelle 20 chakra"", ""avertissement"": 1.4, ""active"": 0.3, ""degats"": 38, ""recuperation"": 2.2, ""reponse"": ""Sortir de la ligne"", ""info"": ""visible""}, {""nom"": ""Miroir de Yata"", ""zone"": ""Aucune : renvoie les projectiles du joueur 2 s (miroir brillant)"", ""avertissement"": 0.6, ""active"": 2.0, ""degats"": 0, ""recuperation"": 1.0, ""reponse"": ""Cesser de viser le miroir (attaques DIFFERE et CONTACT non renvoyées)"", ""info"": ""visible""}]";Toux (maladie) : toutes les 45 s, 2 s d'arrêt (+30 %) annoncées par un sprite plié.;"Rc de base 30 % ; genjutsu joueur réduit de 50 % (rendement décroissant, jamais immunité).";"Le Susanoo se défait en plumes, Itachi tend deux doigts vers le joueur puis s'effondre ; 1,5 s (animation unique, raccourcie à 0,5 s dès la 2e fois).";
BOS_009;Deidara;OA;detaille;"[""MAP_008""]";lieutenant;14000;0.15;28 px sur oiseau d'argile de 48 px (vol : ombre au sol toujours visible).;"Deidara (0,4 m) ciblable ; l'oiseau est décoratif.";1,5 s : l'oiseau descend en piqué.;"Vole en cercle à 8 m ; ne se pose que pour recharger (fenêtre).";"[{""seuil"": ""100–0 %"", ""changements"": ""Bombardement ; recharge au sol toutes les 25 s.""}]";"[{""nom"": ""C1 — Araignées"", ""zone"": ""6 araignées marchent vers le joueur et explosent (1,3 m)"", ""avertissement"": 0.5, ""active"": 3.0, ""degats"": 14, ""recuperation"": 0.5, ""reponse"": ""Les tuer à distance ou esquiver"", ""info"": ""visible""}, {""nom"": ""Bombardement d'oiseaux"", ""zone"": ""Cercles d'ombre qui grandissent sur 1 s, explosion 2 m"", ""avertissement"": 1.0, ""active"": 0.3, ""degats"": 22, ""recuperation"": 1.0, ""reponse"": ""Sortir des ombres"", ""info"": ""visible""}, {""nom"": ""C2 — Dragon"", ""zone"": ""Dragon qui traverse en ligne et largue 4 bombes"", ""avertissement"": 1.4, ""active"": 2.0, ""degats"": 26, ""recuperation"": 2.0, ""reponse"": ""Suivre la ligne en quinconce"", ""info"": ""visible""}]";Au sol pendant la recharge 3 s (+30 %).;"Rc 15 % ; en vol : Entravé impossible (converti en Vulnérable).";"L'oiseau explose en petites bombes inoffensives, Deidara s'éclipse (lieutenant) ; 1,0 s.";
BOS_010;Sasori (Hiruko puis vraie forme);OA;detaille;"[""MAP_008""]";final;115000;0.25;"Phase 1 : Hiruko (32 × 24 px, voûté) ; phase 2 : Troisième Kazekage (marionnette 32 px) ; phase 3 : corps de marionnette de Sasori + cent marionnettes.";"Hiruko : carapace (0,8 m) ; phase 2 : la marionnette est ciblable, Sasori (derrière, 0,4 m) aussi ; phase 3 : seul le cœur (noyau lumineux sur Sasori) inflige les dégâts au boss, les marionnettes sont des ennemis séparés.";1,5 s : Hiruko avance en claquant sa queue.;"Phase 1 : lent ; phase 2 : Sasori reste à 8 m derrière la marionnette ; phase 3 : fixe, les marionnettes encerclent.";"[{""seuil"": ""100–70 %"", ""changements"": ""Queue de scorpion, aiguilles.""}, {""seuil"": ""70–35 %"", ""changements"": ""Sable de fer : pointes et réseaux.""}, {""seuil"": ""35–0 %"", ""changements"": ""Cent marionnettes : vagues d'ennemis mécaniques, le cœur est exposé 2 s après chaque vague.""}]";"[{""nom"": ""Queue empoisonnée"", ""zone"": ""Ligne de 5 m, Empoisonné +3"", ""avertissement"": 0.8, ""active"": 0.2, ""degats"": 20, ""recuperation"": 1.0, ""reponse"": ""Esquiver ; soigner/purger le poison"", ""info"": ""visible""}, {""nom"": ""Satetsu Shigure"", ""zone"": ""Pluie d'aiguilles noires sur 5 m (tramage au sol 1 s)"", ""avertissement"": 1.0, ""active"": 1.0, ""degats"": 16, ""recuperation"": 1.5, ""reponse"": ""Sortir de la zone tramée"", ""info"": ""visible""}, {""nom"": ""Satetsu Kaihō"", ""zone"": ""Sphère de fer au-dessus du joueur, puis pointes en étoile (8 branches)"", ""avertissement"": 1.4, ""active"": 0.4, ""degats"": 30, ""recuperation"": 2.0, ""reponse"": ""Se placer entre deux branches ou loin"", ""info"": ""apprise""}]";Cœur exposé 2 s après chaque vague de marionnettes (+50 %).;Rc 25 %.;"Les marionnettes tombent en même temps (son groupé), le cœur s'éteint ; 1,5 s.";
BOS_011;Hidan;OA;identite;"[""MAP_011""]";lieutenant;13000;0.1;30 px, faux à trois lames reliée à un câble.;0,45 m.;1,2 s : prière au sol.;"Poursuit ; trace son cercle rituel quand il obtient le sang du joueur.";;;;;"Il tombe en jurant (texte bref), le cercle s'efface ; 1,0 s.";S'il touche le joueur avec la faux, il trace un cercle : tant qu'il y reste, les dégâts qu'il s'inflige sont reproduits sur le joueur (plafonné à 5 % PV max/coup). Le sortir du cercle (recul, contrôle) ou le frapper hors cercle annule le lien. Ne peut pas tuer par le lien seul (plancher 1 PV côté joueur).
BOS_012;Kakuzu;OA;identite;"[""MAP_011""]";final;125000;0.3;"32 px ; 4 masques animaux qui sortent du dos (unités de 24 px).";"Corps 0,5 m ; chaque masque est un ennemi séparé (PV 8 %).";1,8 s : compte des billets, fils noirs.;Lent, défensif.;;;;;"Les fils se relâchent, les masques se fendent ; 1,5 s.";"Cinq cœurs : chaque masque détruit retire 1 cœur et 20 % de PV max au boss ; les masques lancent Katon, Fūton, Raiton, Suiton. Le combo Katon+Fūton (Zukokku + Atsugai) est télégraphié par un lien entre les masques 2 s avant."
BOS_013;Pain (Six Chemins);OA;integral;"[""MAP_012""]";final;130000;0.25;"Six corps de 30 px à piercings et manteaux distincts (couleur de bordure par chemin) ; Tendō au centre.";"Chaque corps 0,45 m ; les 6 partagent une barre de PV commune ; un corps vaincu est « rappelé » par Jigokudō s'il vit encore.";2,5 s : les six corps atterrissent un à un autour du joueur à 10 m (jamais à moins de 8 m).;"Formation en anneau à 8–10 m ; seul le chemin actif (surligné) attaque ; rotation toutes les 6 s.";"[{""seuil"": ""100–70 %"", ""changements"": ""Rotation des chemins Animal, Asura, Pretas.""}, {""seuil"": ""70–35 %"", ""changements"": ""Jigokudō ressuscite les corps : il faut éliminer l'Enfer (corps à bordure verte) pour réduire les soins.""}, {""seuil"": ""35–0 %"", ""changements"": ""Tendō seul : Shinra Tensei et Bansho Ten'in en alternance ; Chibaku Tensei à 10 %.""}]";"[{""nom"": ""Chemin animal — Invocations"", ""zone"": ""Rhinocéros en ligne (2 m × 14 m) et chiens qui se divisent"", ""avertissement"": 1.0, ""active"": 1.5, ""degats"": 24, ""recuperation"": 1.5, ""reponse"": ""Sortir de la ligne ; tuer les chiens avant division (ils se divisent à chaque coup, max 4)"", ""info"": ""visible""}, {""nom"": ""Chemin d'Asura — Missiles"", ""zone"": ""6 missiles à tête chercheuse lente (virage 90°/s), explosion 2 m"", ""avertissement"": 0.8, ""active"": 3.0, ""degats"": 18, ""recuperation"": 1.2, ""reponse"": ""Faire des virages serrés (les missiles décrochent)"", ""info"": ""visible""}, {""nom"": ""Chemin des Pretas — Absorption"", ""zone"": ""Bulle de 3 m autour du corps : absorbe les projectiles du joueur (le soigne 0,5 % par projectile)"", ""avertissement"": 0.6, ""active"": 3.0, ""degats"": 0, ""recuperation"": 1.0, ""reponse"": ""Frapper au contact ou avec DIFFERE ; ne pas tirer dans la bulle"", ""info"": ""visible""}, {""nom"": ""Shinra Tensei"", ""zone"": ""Onde de 7 m autour de Tendō : repousse le joueur de 4 m (déplacement annoncé) et détruit ses projectiles"", ""avertissement"": 1.2, ""active"": 0.2, ""degats"": 28, ""recuperation"": 5.0, ""reponse"": ""S'éloigner avant l'onde ; la recharge de 5 s est la fenêtre d'attaque (compteur visible sur le boss)"", ""info"": ""visible""}, {""nom"": ""Bansho Ten'in"", ""zone"": ""Attire le joueur de 5 m vers Tendō (ligne de force visible), puis coup de tige"", ""avertissement"": 1.0, ""active"": 0.5, ""degats"": 22, ""recuperation"": 1.5, ""reponse"": ""Esquiver au moment de l'attraction (l'esquive annule la traction)"", ""info"": ""apprise""}, {""nom"": ""Chibaku Tensei"", ""zone"": ""Noyau au-dessus de la place : attire tout ce qui n'est pas ancré ; zones sûres : 4 piliers de rue (cercles de 2 m)"", ""avertissement"": 3.0, ""active"": 4.0, ""degats"": 12, ""recuperation"": 6.0, ""reponse"": ""Se placer près d'un pilier ; attaquer Tendō immobile pendant la canalisation"", ""info"": ""apprise""}]";"Recharge de 5 s après Shinra Tensei (+25 %) ; Tendō immobile pendant Chibaku Tensei.";"Rc 25 % ; chaque corps a sa propre résistance (les contrôles tournent).";"Les corps tombent un par un (0,2 s d'écart), la pluie s'arrête ; 1,8 s (raccourcissable).";
BOS_014;Konan;OA;identite;"[""MAP_012""]";lieutenant;14000;0.15;28 px, ailes de papier de 48 px.;"0,4 m ; se disperse en papier (invulnérable 0,5 s visible).";1,5 s : feuilles qui s'assemblent.;Vole à distance, se disperse quand elle est touchée 5 fois.;;;;;"Une fleur de papier tombe au sol ; 1,0 s.";"Nuées de papier en lignes ; mer d'étiquettes annoncée par un tapis de feuilles au sol (3 s) avec des couloirs sûrs ; le Katon du joueur la blesse ×1,5."
BOS_015;Obito Uchiha (Tobi);OA;detaille;"[""MAP_019""]";final;125000;0.3;"32 px, masque orange en spirale puis masque de guerre ; gunbai en phase 3.";"0,45 m ; intangible pendant les phases Kamui (silhouette en spirale, aucun dégât possible, durée affichée).";2,0 s : sort d'une spirale.;"Téléportations entre cubes ; se rapproche pour saisir.";"[{""seuil"": ""100–60 %"", ""changements"": ""Intangibilité alternée (3 s intangible / 3 s tangible, rythme visible).""}, {""seuil"": ""60–25 %"", ""changements"": ""Mokuton : racines et Katon.""}, {""seuil"": ""25–0 %"", ""changements"": ""Gunbai et orbes chercheuses (6 orbes en orbite).""}]";"[{""nom"": ""Saisie de Kamui"", ""zone"": ""Main tendue : cône de 2 m ; si le joueur est saisi, il est déplacé de 6 m (annoncé) et subit des dégâts"", ""avertissement"": 1.0, ""active"": 0.3, ""degats"": 26, ""recuperation"": 1.5, ""reponse"": ""Garder > 2 m pendant la main tendue"", ""info"": ""visible""}, {""nom"": ""Racines de Mokuton"", ""zone"": ""5 lignes de racines depuis le sol en éventail"", ""avertissement"": 1.1, ""active"": 0.6, ""degats"": 20, ""recuperation"": 1.2, ""reponse"": ""Se placer entre deux lignes"", ""info"": ""visible""}, {""nom"": ""Orbes chercheuses"", ""zone"": ""Orbe tirée en ligne droite (0,8 m × 14 m) ; 2 par salve"", ""avertissement"": 0.9, ""active"": 0.6, ""degats"": 30, ""recuperation"": 1.0, ""reponse"": ""Sortir des deux couloirs"", ""info"": ""visible""}]";Rythme d'intangibilité : attaquer pendant la fenêtre tangible (+15 % les 0,5 premières secondes).;"Rc 30 % ; les contrôles appliqués pendant l'intangibilité sont annulés sans hausse de Rc (aucun gaspillage).";"Le masque se fend en deux ; 1,5 s.";
BOS_016;Madara Uchiha (Edo Tensei);OA;integral;"[""MAP_020""]";final;150000;0.35;"32 px, armure rouge, gunbai et kama ; Susanoo parfait en phase 3 : seules les jambes et les sabres entrent dans l'écran (le corps reste hors champ).";"0,5 m ; phase 3 : Madara au centre du Susanoo (ciblable), jambes du Susanoo = zones dangereuses à l'impact seulement, sabres = attaques télégraphiées, le reste est décoratif.";2,5 s : cercueil de réanimation qui s'ouvre, fissures qui se referment.;Mêlée agressive en phase 1 (dash volontaire vers le joueur, marqueur au sol), distance en phase 2, fixe en phase 3.;"[{""seuil"": ""100–70 %"", ""changements"": ""Gunbai, kama et Katon.""}, {""seuil"": ""70–40 %"", ""changements"": ""Mokuton : forêt et dragons de bois ; Tengai Shinsei (1 météore).""}, {""seuil"": ""40–0 %"", ""changements"": ""Susanoo parfait : sabres, double météore ; les ordinaires disparaissent (duel).""}]";"[{""nom"": ""Gunbai — Renvoi"", ""zone"": ""Aucune : renvoie les projectiles du joueur 1,5 s (éventail brillant)"", ""avertissement"": 0.5, ""active"": 1.5, ""degats"": 0, ""recuperation"": 1.0, ""reponse"": ""Utiliser CONTACT/DIFFERE pendant le renvoi"", ""info"": ""visible""}, {""nom"": ""Gōka Mekkyaku"", ""zone"": ""Mur de feu de 16 m de large qui avance de 12 m ; 2 brèches de 2 m"", ""avertissement"": 1.5, ""active"": 2.0, ""degats"": 34, ""recuperation"": 2.0, ""reponse"": ""Rejoindre une brèche (marquée par l'absence de flammes au sol)"", ""info"": ""visible""}, {""nom"": ""Mokuton — Jukai Kōtan"", ""zone"": ""Arbres qui jaillissent dans un cercle de 8 m sauf 3 cercles sûrs"", ""avertissement"": 1.8, ""active"": 1.0, ""degats"": 30, ""recuperation"": 2.0, ""reponse"": ""Rejoindre un cercle sûr"", ""info"": ""visible""}, {""nom"": ""Tengai Shinsei"", ""zone"": ""Ombre de 6 m qui grandit sur 3 s, impact massif"", ""avertissement"": 3.0, ""active"": 0.5, ""degats"": 60, ""recuperation"": 4.0, ""reponse"": ""Sortir de l'ombre ; ombre toujours placée à ≥ 4 m du bord de la zone de jeu (sortie garantie)"", ""info"": ""visible""}, {""nom"": ""Susanoo — Sabre"", ""zone"": ""Ligne de 20 m, 3 m de large, puis retour en arc"", ""avertissement"": 1.6, ""active"": 0.5, ""degats"": 42, ""recuperation"": 2.5, ""reponse"": ""Sortir de la ligne puis de l'arc de retour (dessiné en pointillé dès l'avertissement)"", ""info"": ""apprise""}, {""nom"": ""Double météore"", ""zone"": ""Deux ombres décalées de 1,5 s"", ""avertissement"": 3.0, ""active"": 0.5, ""degats"": 60, ""recuperation"": 5.0, ""reponse"": ""Anticiper le second en ne revenant pas dans la première ombre"", ""info"": ""apprise""}]";"Après Tengai Shinsei : 4 s de canalisation (+25 %) ; en phase 3, Madara exposé quand les sabres sont plantés (+30 % 2 s).";"Rc 35 % ; résistance maximale atteinte plus vite, mais la conversion en Vulnérable reste active.";"Le Susanoo se désagrège en plumes bleues, Madara s'agenouille ; 2,0 s (0,6 s après la première victoire).";
BOS_017;Kabuto (Mode Ermite serpent);OA;detaille;"[""MAP_007""]";final;120000;0.3;32 px, capuche à cornes, queue de serpent de 48 px.;"Corps 0,45 m ; la queue est dangereuse pendant ses attaques.";2,0 s : mue qui tombe au sol.;"Mobile ; se fond dans le sol (bulle 1 s).";"[{""seuil"": ""100–60 %"", ""changements"": ""Serpents blancs et scalpel de chakra.""}, {""seuil"": ""60–30 %"", ""changements"": ""Réanimés : 3 élites réanimées (à sceller ou tuer par EXPLOSIF).""}, {""seuil"": ""30–0 %"", ""changements"": ""Izanami (boucle) : un motif d'attaques se répète ; le rompre en esquivant différemment 2 fois (indicateur de boucle affiché).""}]";"[{""nom"": ""Serpents blancs"", ""zone"": ""3 serpents en arc qui se croisent"", ""avertissement"": 0.9, ""active"": 1.2, ""degats"": 20, ""recuperation"": 1.0, ""reponse"": ""Se placer au point de croisement déjà passé"", ""info"": ""visible""}, {""nom"": ""Scalpel de chakra"", ""zone"": ""Dash marqué au sol puis entaille de 2 m ; ralentit 20 % 3 s"", ""avertissement"": 0.8, ""active"": 0.2, ""degats"": 24, ""recuperation"": 1.2, ""reponse"": ""Esquiver en travers du marqueur"", ""info"": ""visible""}, {""nom"": ""Chant du serpent (sonore)"", ""zone"": ""Anneau de 6 m qui se contracte"", ""avertissement"": 1.2, ""active"": 1.0, ""degats"": 18, ""recuperation"": 2.0, ""reponse"": ""Sortir avant la contraction ou traverser l'anneau à la fin"", ""info"": ""apprise""}]";Rupture de la boucle : Étourdi 3 s (+30 %).;Rc 30 %.;"La queue se détache, Kabuto tombe à genoux, lunettes brisées ; 1,5 s.";
BOS_018;Kurama (Nuit du Kyūbi);OA;identite;"[""MAP_013""]";final;160000;0.3;Renard de 256 px dont seules les pattes avant, la tête (haut d'écran) et 3 queues entrent dans le champ.;"Pattes : zones dangereuses à l'impact ; museau (cercle 2 m) ciblable quand il rugit ; queues : bandes de danger télégraphiées ; le reste décoratif.";2,5 s : yeux dans la fumée.;Fixe au nord, frappe le champ.;;;;;"Sceau du Quatrième qui se referme en spirale ; 2,0 s.";"Coups de pattes (ombres), balayages de queues (bandes), Bijūdama en couloir ; les réfugiés sauvés donnent des sceaux qui le ralentissent."
BOS_019;Dix-Queues;OA;identite;"[""MAP_020""]";événement / Endless;200000;0.35;Créature gigantesque hors échelle : seules les jambes et les queues traversent le champ.;"Uniquement les queues au moment de leur impact ; non ciblable hors mode Endless (ciblable : œil au sol lors de l'orbe).";Passage annoncé 4 s au bord de l'écran.;Traverse la carte.;;;;;"La créature s'éloigne dans la brume ; 1,5 s.";"Événement de passage à survivre ; en Endless, boss tournant avec œil exposé après chaque orbe."
BOS_020;Jirōbō;OA;identite;"[""MAP_005""]";lieutenant (tirage);13000;0.2;36 px massif.;0,6 m.;1,2 s.;Lent, arène de terre.;;;;;1,0 s.;"Dôme absorbant : enferme le joueur dans un dôme de 12 m (brèches ouvertes par 3 coups) ; draine 2 chakra/s tant qu'il est dedans."
BOS_021;Tayuya;OA;identite;"[""MAP_005""]";lieutenant (tirage);12000;0.15;"28 px, flûte ; 3 démons invoqués de 40 px.";"Tayuya 0,4 m ; démons ciblables.";1,2 s.;Distance.;;;;;1,0 s.;"Chaque mélodie (visible en notes colorées) dirige un démon ; interrompre la flûte (3 coups) fige les démons 3 s."
BOS_022;Sakon et Ukon;OA;identite;"[""MAP_005""]";lieutenant (tirage);12000;0.15;28 px, seconde tête.;"0,4 m ; se séparent en deux corps (PV partagés).";1,2 s.;Encerclement à deux.;;;;;1,0 s.;"Fusion/séparation : séparés, ils attaquent en tenaille (deux télégraphes opposés) ; les frapper en même temps (zone) inflige +50 %."
BOS_023;Kidōmaru;OA;identite;"[""MAP_005""]";lieutenant (tirage);12000;0.15;28 px, six bras.;0,4 m.;1,2 s.;En hauteur dans les arbres (ombre au sol), descend pour tirer.;;;;;1,0 s.;"Toiles qui ralentissent et flèche d'or chargée 2,5 s (ligne annoncée) ; couper la toile d'ancrage le fait tomber (Étourdi 2 s)."
BOS_024;Danzō Shimura;OA;identite;"[""MAP_014""]";final;120000;0.3;"30 px, bras bandé ; bras aux Sharingan en phase 2.";0,45 m.;2,0 s.;Distance moyenne, Fūton.;;;;;"Le bras se referme, sceau d'autodestruction annoncé 3 s (cercle rouge de 6 m) puis dissipation sans dégâts si le joueur est hors du cercle ; 2,0 s.";"Izanagi : 10 yeux sur le bras (compteur visible) ; chaque « mort » consomme un œil et le fait réapparaître 1 s plus tard à 4 m (jamais sur le joueur) ; ses PV réels ne baissent qu'aux derniers yeux — le compteur rend la règle lisible."
BOS_025;Sasuke (Marque maudite, Vallée de la Fin);OA;identite;"[""MAP_006""]";final (si le joueur n'est pas une entrée de Sasuke);115000;0.25;"30 px ; ailes-mains en phase 2.";0,45 m.;2,0 s : sur la tête de la statue de Madara.;Duel mobile.;;;;;"Pluie, bandeau rayé qui tombe ; 2,0 s.";"Miroir : Chidori et Gōkakyū ; en phase 2, Chidori noir en charge (ligne annoncée) ; collision de techniques : si l'ultime du joueur est lancé pendant son Chidori chargé, les deux s'annulent et il est Étourdi 3 s."
BOS_026;Naruto (Manteau du Kyūbi, Vallée de la Fin);OA;identite;"[""MAP_006""]";final (si le joueur est une entrée de Sasuke);115000;0.25;30 px, manteau d'une queue.;0,45 m.;2,0 s : sur la tête de la statue de Hashirama.;Charge et clones.;;;;;2,0 s.;"Clones ennemis (contour rouge) et Rasengan ; la collision ultime contre Rasengan chargé l'étourdit 3 s."
BOS_027;Kinkaku et Ginkaku;OA;identite;"[""MAP_016""]";final;140000;0.3;Deux corps de 34 px en manteau de chakra.;0,5 m chacun, PV séparés à 50 % du total.;2,0 s.;En paire, l'un tire, l'autre charge.;;;;;2,0 s.;"Trésors du Sage (adaptation) : Kōkinjō — si le joueur déclenche 3 fois la même famille de technique en 3 s, il est lié 1 s (compteur visible au-dessus de Kinkaku) ; Benihisago — gourde qui aspire dans une zone de traction annoncée 1,5 s ; tuer les deux frères à moins de 10 s d'intervalle, sinon le survivant regagne 20 %."
BOS_028;A (Quatrième Raikage);OA;identite;"[""MAP_014""]";lieutenant;16000;0.2;36 px, armure de foudre.;0,6 m.;1,2 s : traverse un mur.;Charges très rapides mais toujours télégraphiées (ligne + éclair 0,8 s).;;;;;1,0 s.;"Lariat et Liger Bomb ; se fige 1 s après chaque charge ratée."
BOS_029;Mū (Deuxième Tsuchikage);OA;identite;"[""MAP_017""]";final;125000;0.35;"30 px bandé ; invisible (contour pointillé visible pour le joueur).";0,45 m.;2,0 s.;Invisible, apparaît pour attaquer.;;;;;"Les bandages retombent vides ; 1,5 s.";"Division : se sépare en deux (un grand, un petit) ; Genkai Hakuri en cube (silhouette du cube 2,5 s) ; les deux moitiés doivent tomber à 10 s d'intervalle."
BOS_030;Hanzō de la Salamandre;OA;identite;"[""MAP_012"", ""MAP_017""]";lieutenant;15000;0.2;32 px, kusarigama, salamandre Ibuse (64 px) en arrière.;"0,45 m ; salamandre décorative sauf nuage de poison.";1,5 s.;Distance moyenne.;;;;;1,0 s.;"Nuage de poison (zone mobile) et kusarigama ; attaquer la salamandre dissipe le nuage."
BOS_031;Manda;OA;identite;"[""MAP_007""]";événement 16:30;40000;0.3;Serpent géant de 320 px de long, circule sous et hors écran.;"Tête (cercle 2 m) ciblable quand elle sort ; corps dangereux uniquement quand il émerge (bande annoncée).";Sol qui bombe 2 s.;Traverse le sol en arcs.;;;;;1,0 s.;"Émergences en arcs ; si non vaincu en 60 s, il repart (pas de défaite)."
BOS_032;Hachibi (Gyūki);OA;identite;"[""MAP_015""]";final;160000;0.3;"Taureau-poulpe de 256 px ; 8 tentacules qui entrent dans le champ.";"Tentacules ciblables (8 × 6 %) ; tête hors champ.";2,5 s.;Fixe.;;;;;"Encre qui se dissipe ; 2,0 s.";"Tentacules en séquence (ombres), encre (Aveuglé), Bijūdama en couloir ; chaque tentacule coupé réduit la fréquence."
BOS_033;Killer Bee;OA;identite;"[""MAP_015""]";lieutenant;16000;0.2;34 px, 7 sabres.;0,5 m.;1,2 s : rime (texte bref).;Mêlée rythmique.;;;;;1,0 s.;Attaques sur un rythme de 4 temps affiché (métronome au sol) : le 4e temps est toujours la plus forte, permettant d'anticiper.
BOS_034;Armée de Zetsu blancs;OA;identite;"[""MAP_016""]";lieutenant;20000;0.1;Masse de Zetsu autour d'un « Zetsu mère » de 40 px.;Zetsu mère 0,8 m.;1,5 s.;Avance comme une marée.;;;;;1,0 s.;"Tant que la mère vit, les Zetsu renaissent ; elle se cache derrière la marée (percer la ligne)."
BOS_035;Kakashi Hatake (Test des clochettes);OA;identite;"[""MAP_001""]";final;90000;0.2;30 px, livre à la main (phase 1), bandeau relevé (phase 2).;0,45 m.;1,5 s : lit son livre, lève la main.;Substitutions (bûches visibles), distance moyenne.;;;;;"Kakashi referme son livre et fait un pouce levé ; 1,2 s (fin de l'expédition d'introduction : « Examen réussi »).";"Deux clochettes à sa ceinture : chaque clochette volée (frapper sa ceinture de dos, ou 10 % de PV) désactive une technique de Kakashi ; Chidori annoncé par un chant d'oiseaux 1,5 s ; Doton — Shinjū Zanshu (cercle sous le joueur, 1 s)."
BOS_036;Sanbi (Isobu);OA;identite;"[""MAP_018""]";final;150000;0.35;"Tortue à trois queues de 256 px ; carapace à pointes.";"Tête (2 m) ciblable pendant les charges ; carapace décorative ; queues dangereuses télégraphiées.";2,5 s : bulles.;Roule en boule autour du lac (trajet annoncé par une ligne d'écume).;;;;;2,0 s.;Roulades, vagues circulaires, brume hallucinogène (faux ennemis contour violet, sans hitbox).
BOS_037;Ōnoki (Tsuchikage);OA;identite;"[""MAP_017""]";final de mission (MIS_076);120000;0.3;"24 px (petit, vole) ; golem de 64 px.";0,35 m (petite cible, compensée par vitesse faible).;1,5 s.;Vole haut et lent.;;;;;"Mal de dos : il se tient les reins ; 1,2 s.";Alourdissement (cube), allègement du joueur (déplacement +20 % mais glisse), Jinton en cube (silhouette 2,5 s).
BOS_038;Madara (Jinchūriki du Dix-Queues);OA;identite;"[""MAP_020""]";final au rang S+;200000;0.4;34 px, blanc, orbes chercheuses, bâton.;0,5 m.;2,5 s.;Vol, mêlée soudaine télégraphiée.;;;;;2,5 s (1,0 s après la première fois).;"Orbes chercheuses qui annulent les ninjutsu du joueur (les projectiles touchant une orbe disparaissent, sauf taijutsu et senjutsu : règle affichée) ; Rinbo Hengoku (ombres invisibles : pointillés visibles 1 s avant chaque frappe)."
BOS_039;Kaguya Ōtsutsuki;OA;identite;"[""MAP_020""]";boss secret (SEC_020);220000;0.4;36 px, cheveux immenses (48 px) qui servent d'attaques.;"0,5 m ; cheveux dangereux télégraphiés.";3,0 s (secret, non passable la première fois seulement).;Téléporte l'arène : 4 dimensions (lave, glace, gravité, désert) de 45 s chacune, annoncées 3 s avant.;;;;;Scellement lunaire stylisé, 3,0 s.;"Chaque dimension change une contrainte (lave : sol danger en damier ; glace : glissade ; gravité : −30 % déplacement mais projectiles joueur +30 % ; désert : sable ralentissant) ; os de cendre (projectile qui désintègre, ligne annoncée)."
BOS_040;Jūgo (Marque maudite);OA;identite;"[""MAP_007""]";lieutenant;14000;0.2;36 px, bras transformé en arme (48 px).;0,55 m.;1,2 s : cellule qui explose.;Rage : charge le plus proche (peut charger les ennemis).;;;;;"Il s'endort ; 1,0 s.";Oiseaux calmants : ramasser 3 plumes au sol le calme 4 s (fenêtre de dégâts +40 %).
