id;nom;type;mode;carte;personnage;rang;condition;recompenses;dependances
MIS_001;Examen d'entrée à la simulation;scenario;Expedition;MAP_001;TOUS;D;Survivre 8 min et vaincre Kakashi (version d'entraînement, 25 % PV).;"{""ryo"": 150, ""deblocages"": [], ""autres"": ""Archives Ninja ; écran de Doctrine visible (verrouillé)""}";[]
MIS_002;Rang C — Le pont de Tazuna;scenario;Standard;MAP_002;TOUS;D;Vaincre Zabuza.;"{""ryo"": 300, ""deblocages"": [""MAP_003""], ""autres"": ""—""}";"[""MIS_001""]"
MIS_003;Examen chūnin — La Forêt de la Mort;scenario;Standard;MAP_003;TOUS;D;Vaincre Orochimaru.;"{""ryo"": 350, ""deblocages"": [""MAP_004""], ""autres"": ""Doctrine débloquée""}";"[""MIS_002""]"
MIS_004;Examen chūnin — La finale;scenario;Standard;MAP_004;TOUS;D;Vaincre Gaara.;"{""ryo"": 400, ""deblocages"": [""MAP_005"", ""MAP_008""], ""autres"": ""—""}";"[""MIS_003""]"
MIS_005;Poursuite de Sasuke;scenario;Standard;MAP_005;TOUS;C;Vaincre Kimimaro.;"{""ryo"": 400, ""deblocages"": [""MAP_006""], ""autres"": ""—""}";"[""MIS_004""]"
MIS_006;La Vallée de la Fin;scenario;Standard;MAP_006;TOUS;C;Vaincre le rival (Sasuke ou Naruto selon l'entrée jouée).;"{""ryo"": 450, ""deblocages"": [""MAP_007""], ""autres"": ""Rang B""}";"[""MIS_005""]"
MIS_007;Le repaire du serpent;scenario;Standard;MAP_007;TOUS;C;Vaincre Kabuto.;"{""ryo"": 450, ""deblocages"": [""MAP_009""], ""autres"": ""—""}";"[""MIS_006""]"
MIS_008;Sauvetage du Kazekage;scenario;Standard;MAP_008;TOUS;C;Vaincre Sasori.;"{""ryo"": 450, ""deblocages"": [""MAP_010"", ""MAP_011""], ""autres"": ""—""}";"[""MIS_004""]"
MIS_009;Les frères Uchiha;scenario;Standard;MAP_009;TOUS;B;Vaincre Itachi.;"{""ryo"": 500, ""deblocages"": [], ""autres"": ""Cosmétique : bandeau rayé""}";"[""MIS_007""]"
MIS_010;La brume de Kiri;scenario;Standard;MAP_010;TOUS;B;Vaincre Kisame.;"{""ryo"": 500, ""deblocages"": [""MAP_018""], ""autres"": ""—""}";"[""MIS_008""]"
MIS_011;Le duo immortel;scenario;Standard;MAP_011;TOUS;B;Vaincre Kakuzu.;"{""ryo"": 500, ""deblocages"": [""MAP_012""], ""autres"": ""—""}";"[""MIS_008""]"
MIS_012;La pluie de Pain;scenario;Standard;MAP_012;TOUS;B;Vaincre Pain.;"{""ryo"": 550, ""deblocages"": [""MAP_013""], ""autres"": ""Rang A""}";"[""MIS_011""]"
MIS_013;La nuit du Kyūbi;scenario;Standard;MAP_013;TOUS;B;Vaincre Kurama.;"{""ryo"": 550, ""deblocages"": [""MAP_014""], ""autres"": ""—""}";"[""MIS_012""]"
MIS_014;Le Sommet des Kage;scenario;Standard;MAP_014;TOUS;A;Vaincre Danzō.;"{""ryo"": 600, ""deblocages"": [""MAP_015""], ""autres"": ""—""}";"[""MIS_013""]"
MIS_015;Les falaises de Kumo;scenario;Standard;MAP_015;TOUS;A;Vaincre Hachibi.;"{""ryo"": 600, ""deblocages"": [""MAP_016""], ""autres"": ""—""}";"[""MIS_014""]"
MIS_016;La quatrième grande guerre;scenario;Standard;MAP_016;TOUS;A;Vaincre Kinkaku et Ginkaku.;"{""ryo"": 650, ""deblocages"": [""MAP_017""], ""autres"": ""Rang S""}";"[""MIS_015""]"
MIS_017;La division du désert;scenario;Standard;MAP_017;TOUS;A;Vaincre Mū.;"{""ryo"": 650, ""deblocages"": [""MAP_019""], ""autres"": ""—""}";"[""MIS_016""]"
MIS_018;Le lac de la tortue;scenario;Standard;MAP_018;TOUS;A;Vaincre Sanbi.;"{""ryo"": 600, ""deblocages"": [], ""autres"": ""Cosmétique : carapace""}";"[""MIS_010""]"
MIS_019;L'autre dimension;scenario;Standard;MAP_019;TOUS;S;Vaincre Obito.;"{""ryo"": 700, ""deblocages"": [""MAP_020""], ""autres"": ""—""}";"[""MIS_017""]"
MIS_020;Le champ final;scenario;Standard;MAP_020;TOUS;S;Vaincre Madara.;"{""ryo"": 1000, ""deblocages"": [], ""autres"": ""Mode Endless, Boss Rush, rang S+""}";"[""MIS_019""]"
MIS_021;Défi de clan — Uchiha;defi_clan;Standard;MAP_009;TOUS;C;Terminer avec 3 techniques exclusives au clan Uchiha équipées.;"{""ryo"": 400, ""deblocages"": [], ""autres"": ""Technique de départ alternative Uchiha : JUT_002 pour Sasuke""}";"[""MIS_009""]"
MIS_022;Défi de clan — Hyūga;defi_clan;Standard;MAP_004;TOUS;C;"Terminer avec 3 techniques Hyūga ; aucun projectile possédé.";"{""ryo"": 400, ""deblocages"": [], ""autres"": ""Doctrine « Poing souple »""}";"[""MIS_004""]"
MIS_023;Défi de clan — Nara;defi_clan;Standard;MAP_011;TOUS;C;Lier 300 ennemis par l'ombre dans une run.;"{""ryo"": 400, ""deblocages"": [], ""autres"": ""Doctrine « Stratège »""}";"[""MIS_011""]"
MIS_024;Défi de clan — Akimichi;defi_clan;Standard;MAP_005;TOUS;C;Éliminer 500 ennemis au CONTACT.;"{""ryo"": 400, ""deblocages"": [], ""autres"": ""Cosmétique Akimichi""}";"[""MIS_005""]"
MIS_025;Défi de clan — Yamanaka;defi_clan;Standard;MAP_013;TOUS;C;Faire éliminer 200 ennemis par des ennemis confus.;"{""ryo"": 400, ""deblocages"": [], ""autres"": ""Doctrine « Esprit »""}";"[""MIS_013""]"
MIS_026;Défi de clan — Aburame;defi_clan;Standard;MAP_003;TOUS;C;Déclencher 100 Éclosions.;"{""ryo"": 400, ""deblocages"": [], ""autres"": ""Cosmétique : lunettes noires""}";"[""MIS_003""]"
MIS_027;Défi de clan — Inuzuka;defi_clan;Standard;MAP_001;TOUS;C;Avoir 3 unités ANIMAL simultanées pendant 60 s.;"{""ryo"": 400, ""deblocages"": [], ""autres"": ""Doctrine « Meute »""}";"[""MIS_002""]"
MIS_028;Défi de clan — Uzumaki;defi_clan;Standard;MAP_013;TOUS;B;Terminer avec un sceau et une technique d'héritage (Rasengan).;"{""ryo"": 450, ""deblocages"": [], ""autres"": ""Relance +1 (permanent)""}";"[""MIS_013""]"
MIS_029;Défi de clan — Senju;defi_clan;Standard;MAP_020;TOUS;B;Couvrir 300 cellules de BOIS simultanément.;"{""ryo"": 450, ""deblocages"": [], ""autres"": ""Cosmétique : armure Senju""}";"[""MIS_020""]"
MIS_030;Défi de clan — Kaguya;defi_clan;Standard;MAP_005;TOUS;B;Parer 150 projectiles.;"{""ryo"": 450, ""deblocages"": [], ""autres"": ""Doctrine « Danse des os »""}";"[""MIS_005""]"
MIS_031;Défi de clan — Hōzuki;defi_clan;Standard;MAP_010;TOUS;B;Terminer sans jamais subir de dégâts de contact deux fois en 3 s.;"{""ryo"": 450, ""deblocages"": [], ""autres"": ""Cosmétique : gourde""}";"[""MIS_010""]"
MIS_032;Défi de clan — Sarutobi;defi_clan;Standard;MAP_001;TOUS;B;Posséder 4 affinités élémentaires différentes à 15:00.;"{""ryo"": 450, ""deblocages"": [], ""autres"": ""Doctrine « Professeur »""}";"[""MIS_012""]"
MIS_033;Défi élémentaire — Katon;defi_element;Standard;MAP_013;TOUS;C;"Pool restreint aux techniques E_KATON + OUTIL ; vaincre le boss.";"{""ryo"": 400, ""deblocages"": [], ""autres"": ""Doctrine « Flamme »""}";"[""MIS_013""]"
MIS_034;Défi élémentaire — Suiton;defi_element;Standard;MAP_010;TOUS;C;"Pool Suiton + OUTIL ; vaincre le boss.";"{""ryo"": 400, ""deblocages"": [], ""autres"": ""Doctrine « Marée »""}";"[""MIS_010""]"
MIS_035;Défi élémentaire — Raiton;defi_element;Standard;MAP_015;TOUS;C;"Pool Raiton + OUTIL ; vaincre le boss.";"{""ryo"": 400, ""deblocages"": [], ""autres"": ""Doctrine « Foudre »""}";"[""MIS_015""]"
MIS_036;Défi élémentaire — Fūton;defi_element;Standard;MAP_008;TOUS;C;"Pool Fūton + OUTIL ; vaincre le boss.";"{""ryo"": 400, ""deblocages"": [], ""autres"": ""Doctrine « Vent »""}";"[""MIS_008""]"
MIS_037;Défi élémentaire — Doton;defi_element;Standard;MAP_017;TOUS;C;"Pool Doton + OUTIL ; vaincre le boss.";"{""ryo"": 400, ""deblocages"": [], ""autres"": ""Doctrine « Terre »""}";"[""MIS_017""]"
MIS_038;Défi élémentaire — Conduction;defi_element;Standard;MAP_012;TOUS;B;Déclencher 500 Conductions.;"{""ryo"": 450, ""deblocages"": [], ""autres"": ""Archive de synergie SYN_001 complète""}";"[""MIS_012""]"
MIS_039;Défi élémentaire — Embrasement;defi_element;Standard;MAP_003;TOUS;B;Embraser 2 000 cellules d'huile.;"{""ryo"": 450, ""deblocages"": [], ""autres"": ""EQP_029 ajouté au pool des Rouleaux""}";"[""MIS_003""]"
MIS_040;Défi élémentaire — Affinités rares;defi_element;Standard;MAP_016;TOUS;B;Terminer avec 3 techniques de famille RARE.;"{""ryo"": 500, ""deblocages"": [], ""autres"": ""Doctrine « Lignée »""}";"[""MIS_016""]"
MIS_041;Défi élémentaire — Cinq natures;defi_element;Standard;MAP_016;TOUS;A;Activer SYN_071 avant 15:00.;"{""ryo"": 550, ""deblocages"": [], ""autres"": ""EQP_033 ajouté au pool""}";"[""MIS_016""]"
MIS_042;Défi élémentaire — Sans élément;defi_element;Standard;MAP_004;TOUS;B;Terminer avec uniquement des techniques E_NEUTRE.;"{""ryo"": 450, ""deblocages"": [], ""autres"": ""Doctrine « Corps et outils »""}";"[""MIS_004""]"
MIS_043;Boss Rush — Pays des Vagues à l'examen;boss_rush;BossRush;MAP_004;TOUS;C;Enchaîner BOS_002, BOS_001, BOS_003, BOS_004.;"{""ryo"": 600, ""deblocages"": [], ""autres"": ""Passage +1 (permanent)""}";"[""MIS_020""]"
MIS_044;Boss Rush — Akatsuki I;boss_rush;BossRush;MAP_012;TOUS;B;Enchaîner Deidara, Sasori, Hidan, Kakuzu.;"{""ryo"": 650, ""deblocages"": [], ""autres"": ""Cosmétique : anneau""}";"[""MIS_043""]"
MIS_045;Boss Rush — Akatsuki II;boss_rush;BossRush;MAP_012;TOUS;B;Enchaîner Kisame, Itachi, Konan, Pain.;"{""ryo"": 700, ""deblocages"": [], ""autres"": ""Bannissement +1 (permanent)""}";"[""MIS_044""]"
MIS_046;Boss Rush — Géants;boss_rush;BossRush;MAP_020;TOUS;A;Enchaîner Shukaku, Sanbi, Hachibi, Kurama.;"{""ryo"": 750, ""deblocages"": [], ""autres"": ""Cosmétique : sceau""}";"[""MIS_045""]"
MIS_047;Boss Rush — Guerre;boss_rush;BossRush;MAP_016;TOUS;A;Enchaîner Kinkaku et Ginkaku, Mū, Hanzō, Obito.;"{""ryo"": 800, ""deblocages"": [], ""autres"": ""—""}";"[""MIS_046""]"
MIS_048;Boss Rush — Légendes;boss_rush;BossRush;MAP_020;TOUS;S;Enchaîner Danzō, Madara, Madara (Dix-Queues).;"{""ryo"": 1000, ""deblocages"": [], ""autres"": ""Titre « Légende »""}";"[""MIS_047""]"
MIS_049;Draft — Premier tirage;draft;Draft;MAP_002;TOUS;C;"Mode Draft : avant la run, choisir 6 techniques parmi 12 proposées (compatibles) ; aucune nouvelle technique en jeu ; vaincre le boss.";"{""ryo"": 500, ""deblocages"": [], ""autres"": ""Mode Draft permanent""}";"[""MIS_006""]"
MIS_050;Draft — Sans passifs;draft;Draft;MAP_006;TOUS;B;"Draft ; passifs limités à 3.";"{""ryo"": 550, ""deblocages"": [], ""autres"": ""—""}";"[""MIS_049""]"
MIS_051;Draft — Aveugle;draft;Draft;MAP_011;TOUS;B;Draft : les 6 techniques sont tirées sans voir leur nom (icônes seules).;"{""ryo"": 550, ""deblocages"": [], ""autres"": ""—""}";"[""MIS_049""]"
MIS_052;Draft — Recette imposée;draft;Draft;MAP_012;TOUS;B;Réaliser la fusion proposée par le draft avant 16:00.;"{""ryo"": 600, ""deblocages"": [], ""autres"": ""Indice de fusion aléatoire en Archives""}";"[""MIS_049""]"
MIS_053;Draft — Équipe de trois;draft;Draft;MAP_016;TOUS;A;Trois runs courtes enchaînées avec trois entrées différentes (les deux autres donnent 1 passif chacune à la troisième).;"{""ryo"": 800, ""deblocages"": [], ""autres"": ""Cosmétique : bannière d'équipe""}";"[""MIS_050""]"
MIS_054;Draft — Maître du hasard;draft;Draft;MAP_020;TOUS;S;Draft rang S sans Relance ni Bannissement.;"{""ryo"": 900, ""deblocages"": [], ""autres"": ""—""}";"[""MIS_053""]"
MIS_055;Expédition — Terrains d'entraînement;expedition;Expedition;MAP_001;TOUS;C;Terminer l'expédition courte (12 min).;"{""ryo"": 250, ""deblocages"": [], ""autres"": ""—""}";"[""MIS_001""]"
MIS_056;Expédition — Pont;expedition;Expedition;MAP_002;TOUS;C;Terminer l'expédition courte.;"{""ryo"": 250, ""deblocages"": [], ""autres"": ""—""}";"[""MIS_002""]"
MIS_057;Expédition — Forêt de la Mort;expedition;Expedition;MAP_003;TOUS;C;Terminer l'expédition courte.;"{""ryo"": 250, ""deblocages"": [], ""autres"": ""—""}";"[""MIS_003""]"
MIS_058;Expédition — Stade;expedition;Expedition;MAP_004;TOUS;C;Terminer l'expédition courte.;"{""ryo"": 250, ""deblocages"": [], ""autres"": ""—""}";"[""MIS_004""]"
MIS_059;Expédition — Forêt frontalière;expedition;Expedition;MAP_005;TOUS;C;Terminer l'expédition courte.;"{""ryo"": 250, ""deblocages"": [], ""autres"": ""—""}";"[""MIS_005""]"
MIS_060;Expédition — Vallée de la Fin;expedition;Expedition;MAP_006;TOUS;C;Terminer l'expédition courte.;"{""ryo"": 300, ""deblocages"": [], ""autres"": ""—""}";"[""MIS_006""]"
MIS_061;Expédition — Suna;expedition;Expedition;MAP_008;TOUS;C;Terminer l'expédition courte.;"{""ryo"": 300, ""deblocages"": [], ""autres"": ""—""}";"[""MIS_008""]"
MIS_062;Expédition — Kiri;expedition;Expedition;MAP_010;TOUS;C;Terminer l'expédition courte.;"{""ryo"": 300, ""deblocages"": [], ""autres"": ""—""}";"[""MIS_010""]"
MIS_063;Expédition — Amegakure;expedition;Expedition;MAP_012;TOUS;C;Terminer l'expédition courte.;"{""ryo"": 300, ""deblocages"": [], ""autres"": ""—""}";"[""MIS_012""]"
MIS_064;Expédition — Plaine de la guerre;expedition;Expedition;MAP_016;TOUS;C;Terminer l'expédition courte.;"{""ryo"": 350, ""deblocages"": [], ""autres"": ""—""}";"[""MIS_016""]"
MIS_065;Endless — 30 minutes;endless;Endless;MAP_016;TOUS;C;Tenir 30 min en Endless.;"{""ryo"": 500, ""deblocages"": [], ""autres"": ""—""}";"[""MIS_020""]"
MIS_066;Endless — 45 minutes;endless;Endless;MAP_016;TOUS;C;Tenir 45 min.;"{""ryo"": 700, ""deblocages"": [], ""autres"": ""—""}";"[""MIS_065""]"
MIS_067;Endless — 60 minutes;endless;Endless;MAP_020;TOUS;C;Tenir 60 min.;"{""ryo"": 900, ""deblocages"": [], ""autres"": ""Cosmétique : aura d'endurance""}";"[""MIS_066""]"
MIS_068;Endless — Chasse aux boss;endless;Endless;MAP_020;TOUS;B;Vaincre 5 boss tournants dans une même partie Endless.;"{""ryo"": 800, ""deblocages"": [], ""autres"": ""—""}";"[""MIS_065""]"
MIS_069;Endless — Sans soin;endless;Endless;MAP_012;TOUS;B;Tenir 30 min sans soin (Régénération comprise).;"{""ryo"": 800, ""deblocages"": [], ""autres"": ""—""}";"[""MIS_065""]"
MIS_070;Endless — Dix mille;endless;Endless;MAP_016;TOUS;B;Éliminer 10 000 ennemis en une partie.;"{""ryo"": 900, ""deblocages"": [], ""autres"": ""Titre « Catastrophe naturelle »""}";"[""MIS_065""]"
MIS_071;Et si… Minato défendait le pont;hors_chrono;Standard;MAP_002;CHR_041;B;Vaincre Zabuza avec Minato en rang B.;"{""ryo"": 500, ""deblocages"": [], ""autres"": ""Cosmétique : cape de Hokage alternative""}";"[""MIS_141""]"
MIS_072;Et si… Haku rencontrait Gaara;hors_chrono;Standard;MAP_004;CHR_053;B;Vaincre Gaara avec Haku.;"{""ryo"": 500, ""deblocages"": [], ""autres"": ""—""}";"[""MIS_153""]"
MIS_073;Et si… les Sannin se retrouvaient;hors_chrono;Standard;MAP_003;CHR_027;B;Vaincre Orochimaru avec Jiraiya en rang B.;"{""ryo"": 500, ""deblocages"": [], ""autres"": ""—""}";"[""MIS_127""]"
MIS_074;Et si… Itachi protégeait Konoha;hors_chrono;Standard;MAP_013;CHR_031;A;Vaincre Kurama avec Itachi.;"{""ryo"": 600, ""deblocages"": [], ""autres"": ""—""}";"[""MIS_131""]"
MIS_075;Et si… Guy affrontait Madara plus tôt;hors_chrono;Standard;MAP_020;CHR_045;A;Vaincre Madara avec Guy sans la Porte de la mort.;"{""ryo"": 800, ""deblocages"": [], ""autres"": ""—""}";"[""MIS_145""]"
MIS_076;Et si… le Tsuchikage défiait le joueur;hors_chrono;Standard;MAP_017;TOUS;A;Vaincre Ōnoki (boss de mission).;"{""ryo"": 600, ""deblocages"": [], ""autres"": ""—""}";"[""MIS_017""]"
MIS_077;Et si… Kushina gardait la nuit;hors_chrono;Standard;MAP_013;CHR_077;A;Vaincre Kurama avec Kushina.;"{""ryo"": 600, ""deblocages"": [], ""autres"": ""Cosmétique""}";"[""MIS_177""]"
MIS_078;Et si… Sasori revenait à Suna;hors_chrono;Standard;MAP_008;CHR_037;B;Vaincre Deidara (lieutenant promu boss) avec Sasori.;"{""ryo"": 500, ""deblocages"": [], ""autres"": ""—""}";"[""MIS_137""]"
MIS_079;Et si… Hashirama visitait la Vallée;hors_chrono;Standard;MAP_006;CHR_059;A;Vaincre le rival avec Hashirama.;"{""ryo"": 600, ""deblocages"": [], ""autres"": ""—""}";"[""MIS_159""]"
MIS_080;Et si… Pain frappait Kiri;hors_chrono;Standard;MAP_010;CHR_039;A;Vaincre Kisame avec Pain.;"{""ryo"": 600, ""deblocages"": [], ""autres"": ""—""}";"[""MIS_139""]"
MIS_081;Et si… Killer Bee chantait au Pays des Vagues;hors_chrono;Standard;MAP_002;CHR_058;B;Terminer avec 100 coups sur le 4e temps.;"{""ryo"": 500, ""deblocages"": [], ""autres"": ""—""}";"[""MIS_158""]"
MIS_082;Et si… Kakashi ANBU surveillait Orochimaru;hors_chrono;Standard;MAP_007;CHR_010;A;Vaincre Kabuto avec Kakashi ANBU.;"{""ryo"": 600, ""deblocages"": [], ""autres"": ""—""}";"[""MIS_110""]"
MIS_083;Et si… Tobirama sondait le lac;hors_chrono;Standard;MAP_018;CHR_060;A;Vaincre Sanbi avec Tobirama.;"{""ryo"": 600, ""deblocages"": [], ""autres"": ""—""}";"[""MIS_160""]"
MIS_084;Et si… Shisui arrêtait la guerre;hors_chrono;Standard;MAP_016;CHR_078;S;Vaincre Kinkaku et Ginkaku avec Shisui en rang S.;"{""ryo"": 800, ""deblocages"": [], ""autres"": ""—""}";"[""MIS_178""]"
MIS_085;Et si… Konohamaru passait l'examen;hors_chrono;Standard;MAP_004;CHR_079;C;Vaincre Gaara avec Konohamaru.;"{""ryo"": 400, ""deblocages"": [], ""autres"": ""Cosmétique : écharpe""}";"[""MIS_179""]"
MIS_086;Maîtrise — Première évolution;systeme;Standard;MAP_002;TOUS;D;Réaliser une évolution.;"{""ryo"": 200, ""deblocages"": [], ""autres"": ""Écran des recettes dans les Archives""}";"[""MIS_002""]"
MIS_087;Maîtrise — Première fusion;systeme;Standard;MAP_004;TOUS;C;Réaliser une fusion.;"{""ryo"": 300, ""deblocages"": [], ""autres"": ""Indice de fusion""}";"[""MIS_086""]"
MIS_088;Maîtrise — Premier éveil;systeme;Standard;MAP_012;TOUS;B;Réaliser un éveil.;"{""ryo"": 500, ""deblocages"": [], ""autres"": ""—""}";"[""MIS_087""]"
MIS_089;Maîtrise — Rouleau interdit;systeme;Standard;MAP_007;TOUS;C;Accepter un Rouleau interdit et terminer la run.;"{""ryo"": 300, ""deblocages"": [""EQP_036""], ""autres"": ""EQP_036 ajouté au pool des Rouleaux interdits""}";"[""MIS_007""]"
MIS_090;Maîtrise — Vingt synergies;systeme;Standard;MAP_012;TOUS;C;Découvrir 20 synergies différentes (cumul).;"{""ryo"": 400, ""deblocages"": [], ""autres"": ""Quatrième carte (Voie du quatrième sceau) achetable""}";"[""MIS_086""]"
MIS_091;Maîtrise — Quarante synergies;systeme;Standard;MAP_016;TOUS;B;Découvrir 40 synergies (cumul).;"{""ryo"": 600, ""deblocages"": [], ""autres"": ""Relance +1 (permanent)""}";"[""MIS_090""]"
MIS_092;Maîtrise — Contrôle du hasard;systeme;Standard;MAP_003;TOUS;C;Utiliser 5 Bannissements dans une run et vaincre le boss.;"{""ryo"": 300, ""deblocages"": [], ""autres"": ""—""}";"[""MIS_045""]"
MIS_093;Maîtrise — Survie;systeme;Standard;MAP_005;TOUS;C;Déclencher Kawarimi 3 fois et survivre.;"{""ryo"": 300, ""deblocages"": [], ""autres"": ""—""}";"[""MIS_005""]"
MIS_094;Maîtrise — Géant;systeme;Standard;MAP_009;TOUS;B;Éliminer 100 ennemis avec une invocation géante.;"{""ryo"": 400, ""deblocages"": [], ""autres"": ""—""}";"[""MIS_009""]"
MIS_095;Maîtrise — Transformations;systeme;Standard;MAP_013;TOUS;B;Utiliser 10 transformations différentes (cumul).;"{""ryo"": 600, ""deblocages"": [], ""autres"": ""—""}";"[""MIS_013""]"
MIS_096;Maîtrise — Pacifiste temporaire;systeme;Standard;MAP_001;TOUS;D;Survivre la première minute sans éliminer d'ennemi (esquive seule).;"{""ryo"": 150, ""deblocages"": [], ""autres"": ""Option d'assistance « déplacement seul » expliquée""}";"[""MIS_001""]"
MIS_097;Maîtrise — Tous les rôles;systeme;Standard;MAP_016;TOUS;B;Éliminer au moins 50 ennemis de chacun des 9 rôles en une run.;"{""ryo"": 500, ""deblocages"": [], ""autres"": ""—""}";"[""MIS_016""]"
MIS_098;Maîtrise — Collection d'équipements;systeme;Standard;MAP_008;TOUS;C;Obtenir 25 équipements différents (cumul).;"{""ryo"": 500, ""deblocages"": [""EQP_031""], ""autres"": ""—""}";"[""MIS_008""]"
MIS_099;Maîtrise — Archives complètes du rang C;systeme;Standard;MAP_004;TOUS;C;Vaincre les 10 premiers boss au rang C.;"{""ryo"": 600, ""deblocages"": [], ""autres"": ""Rang C+ en Boss Rush""}";"[""MIS_010""]"
MIS_100;Maîtrise — Cent recettes;systeme;Standard;MAP_020;TOUS;A;Découvrir 100 recettes (évolutions, fusions, éveils).;"{""ryo"": 1500, ""deblocages"": [], ""autres"": ""Prestige optionnel""}";"[""MIS_088""]"
MIS_101;Maîtrise — Naruto Uzumaki;maitrise;Standard;MAP_001;CHR_001;D;Atteindre le niveau de maîtrise 2 avec Naruto.;"{""ryo"": 300, ""deblocages"": [], ""autres"": ""Technique de départ alternative et cosmétique de maîtrise""}";"[""MIS_001""]"
MIS_102;Maîtrise avancée — Naruto — Mode Ermite;recrutement;Standard;MAP_009;CHR_001;B;Avec Naruto (maîtrise 4) : rester immobile au total 120 s pendant une run réussie.;"{""ryo"": 250, ""deblocages"": [""CHR_002""], ""autres"": ""Fiche d'Archives du personnage""}";"[""MIS_009""]"
MIS_103;Maîtrise avancée — Naruto — Chakra de Kurama;recrutement;Standard;MAP_013;CHR_001;B;Avec Naruto (maîtrise 7) : vaincre Kurama.;"{""ryo"": 250, ""deblocages"": [""CHR_003""], ""autres"": ""Fiche d'Archives du personnage""}";"[""MIS_013""]"
MIS_104;Maîtrise — Sasuke Uchiha;maitrise;Standard;MAP_001;CHR_004;D;Atteindre le niveau de maîtrise 2 avec Sasuke.;"{""ryo"": 300, ""deblocages"": [], ""autres"": ""Technique de départ alternative et cosmétique de maîtrise""}";"[""MIS_001""]"
MIS_105;Maîtrise avancée — Sasuke — Taka;recrutement;Standard;MAP_007;CHR_004;B;Avec Sasuke (maîtrise 4) : vaincre Kabuto avec une technique OUTIL de mêlée équipée.;"{""ryo"": 250, ""deblocages"": [""CHR_005""], ""autres"": ""Fiche d'Archives du personnage""}";"[""MIS_007""]"
MIS_106;Maîtrise avancée — Sasuke — Mangekyō éternel;recrutement;Standard;MAP_009;CHR_004;B;Avec Sasuke (maîtrise 7) : vaincre Itachi.;"{""ryo"": 250, ""deblocages"": [""CHR_006""], ""autres"": ""Fiche d'Archives du personnage""}";"[""MIS_009""]"
MIS_107;Maîtrise — Sakura Haruno;maitrise;Standard;MAP_001;CHR_007;D;Atteindre le niveau de maîtrise 2 avec Sakura.;"{""ryo"": 300, ""deblocages"": [], ""autres"": ""Technique de départ alternative et cosmétique de maîtrise""}";"[""MIS_001""]"
MIS_108;Maîtrise — Kakashi Hatake;maitrise;Standard;MAP_001;CHR_008;D;Atteindre le niveau de maîtrise 2 avec Kakashi.;"{""ryo"": 300, ""deblocages"": [], ""autres"": ""Technique de départ alternative et cosmétique de maîtrise""}";"[""MIS_001""]"
MIS_109;Maîtrise avancée — Kakashi — Kamui;recrutement;Standard;MAP_019;CHR_008;B;Avec Kakashi (maîtrise 6) : éliminer 300 ennemis par Kamui.;"{""ryo"": 250, ""deblocages"": [""CHR_009""], ""autres"": ""Fiche d'Archives du personnage""}";"[""MIS_019""]"
MIS_110;Maîtrise avancée — Kakashi — ANBU;recrutement;Standard;MAP_014;CHR_008;B;Avec Kakashi (maîtrise 3) : terminer une run avec 50 éliminations de dos.;"{""ryo"": 250, ""deblocages"": [""CHR_010""], ""autres"": ""Fiche d'Archives du personnage""}";"[""MIS_014""]"
MIS_111;Maîtrise avancée — Sakura — Byakugō;recrutement;Standard;MAP_016;CHR_007;B;Avec Sakura (maîtrise 5) : soigner 3 000 PV en une run.;"{""ryo"": 250, ""deblocages"": [""CHR_011""], ""autres"": ""Fiche d'Archives du personnage""}";"[""MIS_016""]"
MIS_112;Recrutement — Gaara;recrutement;Standard;MAP_004;TOUS;C;Vaincre Gaara (n'importe quelle entrée).;"{""ryo"": 250, ""deblocages"": [""CHR_012""], ""autres"": ""Fiche d'Archives du personnage""}";"[""MIS_004""]"
MIS_113;Maîtrise avancée — Gaara — Kazekage;recrutement;Standard;MAP_008;CHR_012;B;Avec Gaara (maîtrise 5) : vaincre Sasori.;"{""ryo"": 250, ""deblocages"": [""CHR_013""], ""autres"": ""Fiche d'Archives du personnage""}";"[""MIS_008"", ""MIS_112""]"
MIS_114;Recrutement — Rock Lee;recrutement;Standard;MAP_004;TOUS;C;Éliminer 1 000 ennemis au CONTACT (cumul, toutes entrées).;"{""ryo"": 250, ""deblocages"": [""CHR_014""], ""autres"": ""Fiche d'Archives du personnage""}";"[""MIS_003""]"
MIS_115;Maîtrise avancée — Rock Lee — Poing ivre;recrutement;Standard;MAP_004;CHR_014;B;Avec Rock Lee (maîtrise 3) : terminer une run en ouvrant 5 Portes.;"{""ryo"": 250, ""deblocages"": [""CHR_015""], ""autres"": ""Fiche d'Archives du personnage""}";"[""MIS_004"", ""MIS_114""]"
MIS_116;Recrutement — Neji Hyūga;recrutement;Standard;MAP_004;TOUS;C;Vaincre Gaara sans subir plus de 10 projectiles au boss.;"{""ryo"": 250, ""deblocages"": [""CHR_016""], ""autres"": ""Fiche d'Archives du personnage""}";"[""MIS_004""]"
MIS_117;Recrutement — Hinata Hyūga;recrutement;Standard;MAP_004;TOUS;C;Terminer une run en ayant bloqué 100 projectiles (boucliers).;"{""ryo"": 250, ""deblocages"": [""CHR_017""], ""autres"": ""Fiche d'Archives du personnage""}";"[""MIS_004""]"
MIS_118;Maîtrise avancée — Hinata — Poings de lion;recrutement;Standard;MAP_012;CHR_017;B;Avec Hinata (maîtrise 4) : vaincre Pain.;"{""ryo"": 250, ""deblocages"": [""CHR_018""], ""autres"": ""Fiche d'Archives du personnage""}";"[""MIS_012"", ""MIS_117""]"
MIS_119;Recrutement — Shikamaru Nara;recrutement;Standard;MAP_005;TOUS;C;Immobiliser 200 ennemis (toute source) dans une run réussie.;"{""ryo"": 250, ""deblocages"": [""CHR_019""], ""autres"": ""Fiche d'Archives du personnage""}";"[""MIS_005""]"
MIS_120;Maîtrise avancée — Shikamaru — Héritier d'Asuma;recrutement;Standard;MAP_011;CHR_019;B;Avec Shikamaru (maîtrise 4) : vaincre Hidan.;"{""ryo"": 250, ""deblocages"": [""CHR_020""], ""autres"": ""Fiche d'Archives du personnage""}";"[""MIS_011"", ""MIS_119""]"
MIS_121;Recrutement — Shino Aburame;recrutement;Standard;MAP_003;TOUS;C;Appliquer 2 000 cumuls de Parasité ou de Poison (cumul).;"{""ryo"": 250, ""deblocages"": [""CHR_021""], ""autres"": ""Fiche d'Archives du personnage""}";"[""MIS_003""]"
MIS_122;Recrutement — Kiba Inuzuka;recrutement;Standard;MAP_001;TOUS;C;Avoir 2 compagnons ANIMAL simultanés pendant 30 s.;"{""ryo"": 250, ""deblocages"": [""CHR_022""], ""autres"": ""Fiche d'Archives du personnage""}";"[""MIS_002""]"
MIS_123;Maîtrise avancée — Kiba — Garōga;recrutement;Standard;MAP_005;CHR_022;B;Avec Kiba (maîtrise 5) : vaincre Kimimaro.;"{""ryo"": 250, ""deblocages"": [""CHR_023""], ""autres"": ""Fiche d'Archives du personnage""}";"[""MIS_005"", ""MIS_122""]"
MIS_124;Recrutement — Kankurō;recrutement;Standard;MAP_008;TOUS;C;Éliminer 300 ennemis avec des unités alliées dans une run.;"{""ryo"": 250, ""deblocages"": [""CHR_024""], ""autres"": ""Fiche d'Archives du personnage""}";"[""MIS_004""]"
MIS_125;Maîtrise avancée — Kankurō — Marionnette de Sasori;recrutement;Standard;MAP_008;CHR_024;B;Avec Kankurō (maîtrise 5) : vaincre Sasori.;"{""ryo"": 250, ""deblocages"": [""CHR_025""], ""autres"": ""Fiche d'Archives du personnage""}";"[""MIS_008"", ""MIS_124""]"
MIS_126;Recrutement — Temari;recrutement;Standard;MAP_004;TOUS;C;Repousser 1 000 ennemis (recul) dans une run.;"{""ryo"": 250, ""deblocages"": [""CHR_026""], ""autres"": ""Fiche d'Archives du personnage""}";"[""MIS_004""]"
MIS_127;Recrutement — Jiraiya;recrutement;Standard;MAP_003;TOUS;C;Embraser 500 cellules d'huile (cumul).;"{""ryo"": 250, ""deblocages"": [""CHR_027""], ""autres"": ""Fiche d'Archives du personnage""}";"[""MIS_003""]"
MIS_128;Maîtrise avancée — Jiraiya — Mode Ermite;recrutement;Standard;MAP_012;CHR_027;B;Avec Jiraiya (maîtrise 5) : vaincre Pain.;"{""ryo"": 250, ""deblocages"": [""CHR_028""], ""autres"": ""Fiche d'Archives du personnage""}";"[""MIS_012"", ""MIS_127""]"
MIS_129;Recrutement — Tsunade;recrutement;Standard;MAP_003;TOUS;C;Terminer une run avec plus de 1 000 PV soignés.;"{""ryo"": 250, ""deblocages"": [""CHR_029""], ""autres"": ""Fiche d'Archives du personnage""}";"[""MIS_003""]"
MIS_130;Recrutement — Orochimaru;recrutement;Standard;MAP_003;TOUS;C;Vaincre Orochimaru au rang C.;"{""ryo"": 250, ""deblocages"": [""CHR_030""], ""autres"": ""Fiche d'Archives du personnage""}";"[""MIS_003""]"
MIS_131;Recrutement — Itachi Uchiha;recrutement;Standard;MAP_009;TOUS;C;Vaincre Itachi.;"{""ryo"": 250, ""deblocages"": [""CHR_031""], ""autres"": ""Fiche d'Archives du personnage""}";"[""MIS_009""]"
MIS_132;Maîtrise avancée — Itachi — Réanimé;recrutement;Standard;MAP_016;CHR_031;B;Avec Itachi (maîtrise 6) : terminer la Plaine de la guerre.;"{""ryo"": 250, ""deblocages"": [""CHR_032""], ""autres"": ""Fiche d'Archives du personnage""}";"[""MIS_016"", ""MIS_131""]"
MIS_133;Recrutement — Kisame Hoshigaki;recrutement;Standard;MAP_010;TOUS;C;Vaincre Kisame.;"{""ryo"": 250, ""deblocages"": [""CHR_033""], ""autres"": ""Fiche d'Archives du personnage""}";"[""MIS_010""]"
MIS_134;Maîtrise avancée — Kisame — Maître des requins;recrutement;Standard;MAP_010;CHR_033;B;Avec Kisame (maîtrise 5) : maintenir 300 cellules d'EAU.;"{""ryo"": 250, ""deblocages"": [""CHR_034""], ""autres"": ""Fiche d'Archives du personnage""}";"[""MIS_010"", ""MIS_133""]"
MIS_135;Recrutement — Deidara;recrutement;Standard;MAP_008;TOUS;C;Détruire 200 obstacles avec des explosions (cumul).;"{""ryo"": 250, ""deblocages"": [""CHR_035""], ""autres"": ""Fiche d'Archives du personnage""}";"[""MIS_008""]"
MIS_136;Maîtrise avancée — Deidara — Artiste aérien;recrutement;Standard;MAP_015;CHR_035;B;Avec Deidara (maîtrise 6) : vaincre Hachibi.;"{""ryo"": 250, ""deblocages"": [""CHR_036""], ""autres"": ""Fiche d'Archives du personnage""}";"[""MIS_015"", ""MIS_135""]"
MIS_137;Recrutement — Sasori;recrutement;Standard;MAP_008;TOUS;C;Vaincre Sasori.;"{""ryo"": 250, ""deblocages"": [""CHR_037""], ""autres"": ""Fiche d'Archives du personnage""}";"[""MIS_008""]"
MIS_138;Maîtrise avancée — Sasori — Troisième Kazekage;recrutement;Standard;MAP_017;CHR_037;B;Avec Sasori (maîtrise 5) : vaincre Mū.;"{""ryo"": 250, ""deblocages"": [""CHR_038""], ""autres"": ""Fiche d'Archives du personnage""}";"[""MIS_017"", ""MIS_137""]"
MIS_139;Recrutement — Pain (Chemin des Dieux);recrutement;Standard;MAP_012;TOUS;C;Vaincre Pain.;"{""ryo"": 250, ""deblocages"": [""CHR_039""], ""autres"": ""Fiche d'Archives du personnage""}";"[""MIS_012""]"
MIS_140;Maîtrise avancée — Pain — Six Chemins;recrutement;Standard;MAP_020;CHR_039;B;Avec Pain (maîtrise 6) : terminer le Champ final.;"{""ryo"": 250, ""deblocages"": [""CHR_040""], ""autres"": ""Fiche d'Archives du personnage""}";"[""MIS_020"", ""MIS_139""]"
MIS_141;Recrutement — Minato Namikaze;recrutement;Standard;MAP_013;TOUS;C;Vaincre Kurama.;"{""ryo"": 250, ""deblocages"": [""CHR_041""], ""autres"": ""Fiche d'Archives du personnage""}";"[""MIS_013""]"
MIS_142;Maîtrise avancée — Minato — Chakra de Kurama;recrutement;Standard;MAP_020;CHR_041;B;Avec Minato (maîtrise 6) : vaincre Madara.;"{""ryo"": 250, ""deblocages"": [""CHR_042""], ""autres"": ""Fiche d'Archives du personnage""}";"[""MIS_020"", ""MIS_141""]"
MIS_143;Recrutement — Madara Uchiha;recrutement;Standard;MAP_020;TOUS;C;Vaincre Madara.;"{""ryo"": 250, ""deblocages"": [""CHR_043""], ""autres"": ""Fiche d'Archives du personnage""}";"[""MIS_020""]"
MIS_144;Maîtrise avancée — Madara — Rinnegan;recrutement;Standard;MAP_020;CHR_043;B;Avec Madara (maîtrise 7) : vaincre Madara au rang S.;"{""ryo"": 250, ""deblocages"": [""CHR_044""], ""autres"": ""Fiche d'Archives du personnage""}";"[""MIS_020"", ""MIS_143""]"
MIS_145;Recrutement — Might Guy;recrutement;Standard;MAP_004;TOUS;C;Avec Rock Lee : vaincre Gaara.;"{""ryo"": 250, ""deblocages"": [""CHR_045""], ""autres"": ""Fiche d'Archives du personnage""}";"[""MIS_004""]"
MIS_146;Recrutement — Ino Yamanaka;recrutement;Standard;MAP_013;TOUS;C;Faire éliminer 100 ennemis par des ennemis confus (cumul).;"{""ryo"": 250, ""deblocages"": [""CHR_046""], ""autres"": ""Fiche d'Archives du personnage""}";"[""MIS_013""]"
MIS_147;Recrutement — Chōji Akimichi;recrutement;Standard;MAP_005;TOUS;C;Terminer une run avec plus de 180 PV max.;"{""ryo"": 250, ""deblocages"": [""CHR_047""], ""autres"": ""Fiche d'Archives du personnage""}";"[""MIS_005""]"
MIS_148;Recrutement — Tenten;recrutement;Standard;MAP_004;TOUS;C;Lancer 5 000 projectiles OUTIL (cumul).;"{""ryo"": 250, ""deblocages"": [""CHR_048""], ""autres"": ""Fiche d'Archives du personnage""}";"[""MIS_004""]"
MIS_149;Maîtrise avancée — Tenten — Trésors du Sage;recrutement;Standard;MAP_016;CHR_048;B;Avec Tenten (maîtrise 5) : vaincre Kinkaku et Ginkaku.;"{""ryo"": 250, ""deblocages"": [""CHR_049""], ""autres"": ""Fiche d'Archives du personnage""}";"[""MIS_016"", ""MIS_148""]"
MIS_150;Recrutement — Sai;recrutement;Standard;MAP_014;TOUS;C;Éliminer 500 ennemis avec des unités alliées (cumul).;"{""ryo"": 250, ""deblocages"": [""CHR_050""], ""autres"": ""Fiche d'Archives du personnage""}";"[""MIS_014""]"
MIS_151;Recrutement — Yamato;recrutement;Standard;MAP_013;TOUS;C;Créer 200 structures (murs, cages, arbres) (cumul).;"{""ryo"": 250, ""deblocages"": [""CHR_051""], ""autres"": ""Fiche d'Archives du personnage""}";"[""MIS_012""]"
MIS_152;Recrutement — Asuma Sarutobi;recrutement;Standard;MAP_011;TOUS;C;Vaincre Kakuzu.;"{""ryo"": 250, ""deblocages"": [""CHR_052""], ""autres"": ""Fiche d'Archives du personnage""}";"[""MIS_011""]"
MIS_153;Recrutement — Haku;recrutement;Standard;MAP_002;TOUS;C;Vaincre Haku (lieutenant) sans être gelé ni entravé.;"{""ryo"": 250, ""deblocages"": [""CHR_053""], ""autres"": ""Fiche d'Archives du personnage""}";"[""MIS_002""]"
MIS_154;Recrutement — Zabuza Momochi;recrutement;Standard;MAP_002;TOUS;C;Vaincre Zabuza au rang C.;"{""ryo"": 250, ""deblocages"": [""CHR_054""], ""autres"": ""Fiche d'Archives du personnage""}";"[""MIS_002""]"
MIS_155;Recrutement — Konan;recrutement;Standard;MAP_012;TOUS;C;Vaincre Konan (lieutenant).;"{""ryo"": 250, ""deblocages"": [""CHR_055""], ""autres"": ""Fiche d'Archives du personnage""}";"[""MIS_012""]"
MIS_156;Recrutement — Hidan;recrutement;Standard;MAP_011;TOUS;C;Vaincre Hidan.;"{""ryo"": 250, ""deblocages"": [""CHR_056""], ""autres"": ""Fiche d'Archives du personnage""}";"[""MIS_011""]"
MIS_157;Recrutement — Kakuzu;recrutement;Standard;MAP_011;TOUS;C;Vaincre Kakuzu en détruisant ses 4 masques.;"{""ryo"": 250, ""deblocages"": [""CHR_057""], ""autres"": ""Fiche d'Archives du personnage""}";"[""MIS_011""]"
MIS_158;Recrutement — Killer Bee;recrutement;Standard;MAP_015;TOUS;C;Vaincre Killer Bee (lieutenant).;"{""ryo"": 250, ""deblocages"": [""CHR_058""], ""autres"": ""Fiche d'Archives du personnage""}";"[""MIS_015""]"
MIS_159;Recrutement — Hashirama Senju;recrutement;Standard;MAP_020;TOUS;C;Couvrir 100 cellules de BOIS (cumul, toutes entrées).;"{""ryo"": 250, ""deblocages"": [""CHR_059""], ""autres"": ""Fiche d'Archives du personnage""}";"[""MIS_020""]"
MIS_160;Recrutement — Tobirama Senju;recrutement;Standard;MAP_016;TOUS;C;Réaliser 50 esquives parfaites en une run.;"{""ryo"": 250, ""deblocages"": [""CHR_060""], ""autres"": ""Fiche d'Archives du personnage""}";"[""MIS_016""]"
MIS_161;Recrutement — Obito Uchiha (Tobi);recrutement;Standard;MAP_019;TOUS;C;Vaincre Obito.;"{""ryo"": 250, ""deblocages"": [""CHR_061""], ""autres"": ""Fiche d'Archives du personnage""}";"[""MIS_019""]"
MIS_162;Maîtrise avancée — Obito — Jinchūriki du Dix-Queues;recrutement;Standard;MAP_020;CHR_061;B;Avec Obito (maîtrise 7) : vaincre Madara.;"{""ryo"": 250, ""deblocages"": [""CHR_062""], ""autres"": ""Fiche d'Archives du personnage""}";"[""MIS_020"", ""MIS_161""]"
MIS_163;Recrutement — Kabuto Yakushi;recrutement;Standard;MAP_007;TOUS;C;Vaincre Kabuto.;"{""ryo"": 250, ""deblocages"": [""CHR_063""], ""autres"": ""Fiche d'Archives du personnage""}";"[""MIS_007""]"
MIS_164;Maîtrise avancée — Kabuto — Mode Ermite serpent;recrutement;Standard;MAP_016;CHR_063;B;Avec Kabuto (maîtrise 6) : sceller 20 réanimés.;"{""ryo"": 250, ""deblocages"": [""CHR_064""], ""autres"": ""Fiche d'Archives du personnage""}";"[""MIS_016"", ""MIS_163""]"
MIS_165;Recrutement — Hiruzen Sarutobi;recrutement;Standard;MAP_013;TOUS;C;Posséder 4 affinités élémentaires dans une run réussie.;"{""ryo"": 250, ""deblocages"": [""CHR_065""], ""autres"": ""Fiche d'Archives du personnage""}";"[""MIS_013""]"
MIS_166;Recrutement — Kurenai Yūhi;recrutement;Standard;MAP_013;TOUS;C;Appliquer 500 contrôles de genjutsu (cumul).;"{""ryo"": 250, ""deblocages"": [""CHR_066""], ""autres"": ""Fiche d'Archives du personnage""}";"[""MIS_013""]"
MIS_167;Recrutement — Kimimaro Kaguya;recrutement;Standard;MAP_005;TOUS;C;Vaincre Kimimaro.;"{""ryo"": 250, ""deblocages"": [""CHR_067""], ""autres"": ""Fiche d'Archives du personnage""}";"[""MIS_005""]"
MIS_168;Recrutement — Mei Terumī;recrutement;Standard;MAP_010;TOUS;C;Corroder 300 ennemis (cumul).;"{""ryo"": 250, ""deblocages"": [""CHR_068""], ""autres"": ""Fiche d'Archives du personnage""}";"[""MIS_010""]"
MIS_169;Recrutement — Ōnoki;recrutement;Standard;MAP_017;TOUS;C;Vaincre Mū.;"{""ryo"": 250, ""deblocages"": [""CHR_069""], ""autres"": ""Fiche d'Archives du personnage""}";"[""MIS_017""]"
MIS_170;Recrutement — A (Quatrième Raikage);recrutement;Standard;MAP_014;TOUS;C;Vaincre A (lieutenant) au Sommet des Kage.;"{""ryo"": 250, ""deblocages"": [""CHR_070""], ""autres"": ""Fiche d'Archives du personnage""}";"[""MIS_014""]"
MIS_171;Recrutement — Darui;recrutement;Standard;MAP_015;TOUS;C;Déclencher 300 Conductions (cumul).;"{""ryo"": 250, ""deblocages"": [""CHR_071""], ""autres"": ""Fiche d'Archives du personnage""}";"[""MIS_015""]"
MIS_172;Recrutement — Pakura;recrutement;Standard;MAP_008;TOUS;C;Terminer Suna avec une technique Katon et une Fūton.;"{""ryo"": 250, ""deblocages"": [""CHR_072""], ""autres"": ""Fiche d'Archives du personnage""}";"[""MIS_008""]"
MIS_173;Recrutement — Rasa (Quatrième Kazekage);recrutement;Standard;MAP_017;TOUS;C;Aimanter 300 ennemis (cumul).;"{""ryo"": 250, ""deblocages"": [""CHR_073""], ""autres"": ""Fiche d'Archives du personnage""}";"[""MIS_017""]"
MIS_174;Recrutement — Chiyo;recrutement;Standard;MAP_008;TOUS;C;Avec une entrée APT_MARIO : vaincre Sasori.;"{""ryo"": 250, ""deblocages"": [""CHR_074""], ""autres"": ""Fiche d'Archives du personnage""}";"[""MIS_008""]"
MIS_175;Recrutement — Karin;recrutement;Standard;MAP_007;TOUS;C;Survivre 60 s sous 20 % de PV (cumul dans une run).;"{""ryo"": 250, ""deblocages"": [""CHR_075""], ""autres"": ""Fiche d'Archives du personnage""}";"[""MIS_007""]"
MIS_176;Recrutement — Suigetsu Hōzuki;recrutement;Standard;MAP_007;TOUS;C;Vaincre Jūgo (lieutenant).;"{""ryo"": 250, ""deblocages"": [""CHR_076""], ""autres"": ""Fiche d'Archives du personnage""}";"[""MIS_007""]"
MIS_177;Recrutement — Kushina Uzumaki;recrutement;Standard;MAP_013;TOUS;C;Entraver 300 ennemis (cumul).;"{""ryo"": 250, ""deblocages"": [""CHR_077""], ""autres"": ""Fiche d'Archives du personnage""}";"[""MIS_013""]"
MIS_178;Recrutement — Shisui Uchiha;recrutement;Standard;MAP_009;TOUS;C;Réaliser 30 esquives parfaites en une run.;"{""ryo"": 250, ""deblocages"": [""CHR_078""], ""autres"": ""Fiche d'Archives du personnage""}";"[""MIS_009""]"
MIS_179;Recrutement — Konohamaru Sarutobi;recrutement;Standard;MAP_001;TOUS;C;Réaliser 3 runs avec 3 entrées différentes.;"{""ryo"": 250, ""deblocages"": [""CHR_079""], ""autres"": ""Fiche d'Archives du personnage""}";"[""MIS_002""]"
MIS_180;Recrutement — Mū (Deuxième Tsuchikage);recrutement;Standard;MAP_017;TOUS;C;Éliminer 200 ennemis avec des techniques Jinton ou Kamui (cumul).;"{""ryo"": 250, ""deblocages"": [""CHR_080""], ""autres"": ""Fiche d'Archives du personnage""}";"[""MIS_017""]"
MIS_181;Rang S — Pont sans brume;expert;Standard;MAP_002;TOUS;S;Vaincre Zabuza au rang S sans être touché par l'Assassinat silencieux.;"{""ryo"": 900, ""deblocages"": [], ""autres"": ""Cosmétique d'expert""}";"[""MIS_016""]"
MIS_182;Rang S — Examen parfait;expert;Standard;MAP_004;TOUS;S;Vaincre Gaara au rang S en moins de 3 min de combat.;"{""ryo"": 900, ""deblocages"": [], ""autres"": ""Cosmétique d'expert""}";"[""MIS_016""]"
MIS_183;Rang S — Vallée en crue;expert;Standard;MAP_006;TOUS;S;Terminer la Vallée de la Fin au rang S.;"{""ryo"": 900, ""deblocages"": [], ""autres"": ""Cosmétique d'expert""}";"[""MIS_016""]"
MIS_184;Rang S — Pluie éternelle;expert;Standard;MAP_012;TOUS;S;Vaincre Pain au rang S.;"{""ryo"": 900, ""deblocages"": [], ""autres"": ""Cosmétique d'expert""}";"[""MIS_016""]"
MIS_185;Rang S — Nuit rouge;expert;Standard;MAP_013;TOUS;S;Vaincre Kurama au rang S.;"{""ryo"": 900, ""deblocages"": [], ""autres"": ""Cosmétique d'expert""}";"[""MIS_016""]"
MIS_186;Rang S — Sommet glacé;expert;Standard;MAP_014;TOUS;S;Vaincre Danzō au rang S.;"{""ryo"": 900, ""deblocages"": [], ""autres"": ""Cosmétique d'expert""}";"[""MIS_016""]"
MIS_187;Rang S — Orage de Kumo;expert;Standard;MAP_015;TOUS;S;Vaincre Hachibi au rang S.;"{""ryo"": 900, ""deblocages"": [], ""autres"": ""Cosmétique d'expert""}";"[""MIS_016""]"
MIS_188;Rang S — Champ final;expert;Standard;MAP_020;TOUS;S;Vaincre Madara au rang S.;"{""ryo"": 900, ""deblocages"": [], ""autres"": ""Cosmétique d'expert""}";"[""MIS_020""]"
MIS_189;Rang S+ — Champ final;expert;Standard;MAP_020;TOUS;S+;Vaincre Madara (Dix-Queues) au rang S+.;"{""ryo"": 1100, ""deblocages"": [], ""autres"": ""Cosmétique d'expert ; titre""}";"[""MIS_188""]"
MIS_190;Rang S+ — Dimension de Kamui;expert;Standard;MAP_019;TOUS;S+;Vaincre Obito au rang S+.;"{""ryo"": 1100, ""deblocages"": [], ""autres"": ""Cosmétique d'expert ; titre""}";"[""MIS_188""]"
MIS_191;Rang S+ — Amegakure;expert;Standard;MAP_012;TOUS;S+;Vaincre Pain au rang S+.;"{""ryo"": 1100, ""deblocages"": [], ""autres"": ""Cosmétique d'expert ; titre""}";"[""MIS_188""]"
MIS_192;Rang S+ — Repaire Uchiha;expert;Standard;MAP_009;TOUS;S+;Vaincre Itachi au rang S+.;"{""ryo"": 1100, ""deblocages"": [], ""autres"": ""Cosmétique d'expert ; titre""}";"[""MIS_188""]"
MIS_193;Expert — Sans évolution;expert;Standard;MAP_016;TOUS;A;Vaincre le boss au rang A sans évolution ni fusion.;"{""ryo"": 800, ""deblocages"": [], ""autres"": ""Cosmétique d'expert""}";"[""MIS_016""]"
MIS_194;Expert — Signature seule niveau 8;expert;Standard;MAP_010;TOUS;A;Terminer au rang A en n'améliorant que la technique signature jusqu'à 15:00.;"{""ryo"": 800, ""deblocages"": [], ""autres"": ""Cosmétique d'expert""}";"[""MIS_016""]"
MIS_195;Expert — Trois techniques;expert;Standard;MAP_011;TOUS;A;Terminer au rang A avec au plus 3 techniques.;"{""ryo"": 800, ""deblocages"": [], ""autres"": ""Cosmétique d'expert""}";"[""MIS_016""]"
MIS_196;Expert — Sans esquive;expert;Standard;MAP_008;TOUS;A;Terminer au rang A sans utiliser l'esquive.;"{""ryo"": 800, ""deblocages"": [], ""autres"": ""Cosmétique d'expert""}";"[""MIS_016""]"
MIS_197;Expert — Passifs interdits;expert;Standard;MAP_018;TOUS;A;Terminer au rang A sans aucun passif.;"{""ryo"": 800, ""deblocages"": [], ""autres"": ""Cosmétique d'expert""}";"[""MIS_016""]"
MIS_198;Expert — Aucun soin;expert;Standard;MAP_017;TOUS;S;Terminer au rang S sans aucun soin.;"{""ryo"": 900, ""deblocages"": [], ""autres"": ""Cosmétique d'expert""}";"[""MIS_188""]"
MIS_199;Expert — Toutes les cartes;expert;Standard;MAP_020;TOUS;A;Vaincre les 20 boss finaux au rang A (cumul).;"{""ryo"": 800, ""deblocages"": [], ""autres"": ""Cosmétique d'expert""}";"[""MIS_020""]"
MIS_200;Expert — Légende du shinobi;expert;Standard;MAP_020;TOUS;S+;Vaincre Kaguya (secret SEC_020 requis).;"{""ryo"": 1100, ""deblocages"": [], ""autres"": ""Cosmétique d'expert ; titre""}";"[""MIS_189""]"
