id;nom;type;prioritaire;identite;depart;stats;cpx;faiblesse;signature;aptitudes;ultime;transformations;deblocage;orientations;base
CHR_001;Naruto Uzumaki;BASE;True;Submerger par le nombre : clones, Rasengan porté par les clones, crapauds.;JUT_217;"{""pv"": 120, ""depl"": 4.5, ""notes"": ""Régénération +0,3/s de base (vitalité Uzumaki)""}";"{""nom"": ""Volonté indomptable"", ""effet"": ""Sous 30 % de PV : +15 % Cadence et +1 clone au plafond de JUT_217 (et de ses évolutions).""}";"Puissance brute individuelle faible avant 8 min ; peu de contrôle.";Les clones héritent du Rasengan : si JUT_281 est possédé, chaque clone lance un Rasengan à 60 % à sa disparition (1 fois par clone).;"[""ELEM_FUTON"", ""CLAN_UZUMAKI"", ""APT_RASEN"", ""CTR_CRAPAUD"", ""APT_JINCH""]";ULT_001;"[""TRF_001"", ""TRF_024""]";"{""type"": ""DEPART""}";"[""Armée de clones"", ""Rasengan / Rasenshuriken"", ""Invocations de crapauds""]";
CHR_002;Naruto — Mode Ermite;VARIANTE;;Mêlée étendue par l'énergie naturelle : immobilité = puissance.;JUT_281;"{""pv"": 130, ""depl"": 4.3, ""notes"": ""Pas de régénération de base""}";"{""nom"": ""Kawazu Kumite (Kumite de la grenouille)"", ""effet"": ""Les attaques CONTACT gagnent +1 m de portée invisible (aura) ; rester immobile 1 s charge l'énergie naturelle (+10 %/s de Puissance, max +40 %, perdue en 2 s de mouvement).""}";Récompense l'immobilité : dangereux face aux tireurs et poseurs de pièges.;"Jauge d'énergie naturelle visible sous le portrait ; Kage Bunshin non disponible au départ.";"[""ELEM_FUTON"", ""CLAN_UZUMAKI"", ""APT_RASEN"", ""CTR_CRAPAUD"", ""APT_SENJ"", ""APT_JINCH""]";ULT_002;"[""TRF_002""]";"{""type"": ""MAITRISE"", ""niveau"": 4, ""ref"": ""MIS_102""}";"[""Rasengan ermite au contact"", ""Crapauds et Chant des crapauds""]";CHR_001
CHR_003;Naruto — Chakra de Kurama;VARIANTE;;Vitesse et bras de chakra : clones de masse éphémères et orbes de démon.;JUT_218;"{""pv"": 140, ""depl"": 5.0, ""notes"": ""Gain de chakra +20 %""}";"{""nom"": ""Bras de chakra"", ""effet"": ""Chaque clone de JUT_218 frappe avec un bras de chakra qui touche 2 cibles en ligne.""}";Défense faible (Armure plafonnée à 8 pour cette entrée).;"L'ultime peut être chargé 2 fois (stock de 200) ; le second tir coûte 100 mais sort 1,5 s après le premier.";"[""ELEM_FUTON"", ""CLAN_UZUMAKI"", ""APT_RASEN"", ""CTR_CRAPAUD"", ""APT_JINCH""]";ULT_003;"[""TRF_003"", ""TRF_004""]";"{""type"": ""MAITRISE"", ""niveau"": 7, ""ref"": ""MIS_103""}";"[""Déferlement de clones éphémères"", ""Bijūdama et Rasenshuriken""]";CHR_001
CHR_004;Sasuke Uchiha;BASE;True;Précision Uchiha : flammes à distance, foudre en réponse au danger.;JUT_001;"{""pv"": 100, ""depl"": 4.7, ""notes"": ""Chance critique +5 %""}";"{""nom"": ""Sharingan (3 tomoe)"", ""effet"": ""Les attaques télégraphiées d'ennemis ordinaires sont vues 0,15 s plus tôt (contour rouge) ; esquive parfaite : fenêtre +0,1 s.""}";"PV faibles ; peu de soins accessibles.";Chaque esquive parfaite réduit de 50 % le délai restant de la technique Raiton la plus lente.;"[""ELEM_KATON"", ""ELEM_RAITON"", ""CLAN_UCHIHA"", ""DOJ_SHARINGAN"", ""CTR_FAUCON"", ""APT_KENJ""]";ULT_004;"[""TRF_005""]";"{""type"": ""DEPART""}";"[""Tempête de foudre (Chidori, Kirin)"", ""Flammes Uchiha (Gōkakyū, Gōryūka)""]";
CHR_005;Sasuke — Taka;VARIANTE;;Kenjutsu électrifié : estocs, courant et serpents.;JUT_199;"{""pv"": 110, ""depl"": 4.9, ""notes"": ""—""}";"{""nom"": ""Lame conductrice"", ""effet"": ""Les techniques CONTACT de famille OUTIL comptent comme Raiton (tag E_RAITON ajouté).""}";"Portée courte hors foudre ; le Katon est moins accessible (pas de Doctrine Katon).";Chidori Nagashi (JUT_051) déclenché après chaque estoc touchant ≥ 3 cibles (délai interne 2 s).;"[""ELEM_KATON"", ""ELEM_RAITON"", ""CLAN_UCHIHA"", ""DOJ_SHARINGAN"", ""CTR_SERPENT"", ""CTR_FAUCON"", ""APT_KENJ""]";ULT_004;[];"{""type"": ""MAITRISE"", ""niveau"": 4, ""ref"": ""MIS_105""}";"[""Kusanagi électrique"", ""Serpents et Kirin""]";CHR_004
CHR_006;Sasuke — Mangekyō éternel;VARIANTE;;Flammes noires façonnées : Enton, Amaterasu, Susanoo.;JUT_154;"{""pv"": 110, ""depl"": 4.6, ""notes"": ""—""}";"{""nom"": ""Contrôle de l'Enton"", ""effet"": ""Toute Brûlure noire posée par le joueur peut être façonnée : +1 cumul maximal (6) et propagation de 1 cumul à 1 voisin toutes les 2 s.""}";"Techniques lourdes à délai long ; début lent.";Les flammes noires restent lisibles sur fond sombre (contour blanc) et leurs dégâts ×2 ne s'appliquent qu'aux Brûlures noires.;"[""ELEM_KATON"", ""ELEM_RAITON"", ""CLAN_UCHIHA"", ""DOJ_SHARINGAN"", ""DOJ_MANGEKYO"", ""KG_ENTON"", ""APT_KENJ""]";ULT_005;"[""TRF_006""]";"{""type"": ""MAITRISE"", ""niveau"": 7, ""ref"": ""MIS_106""}";"[""Brasier noir propagé"", ""Susanoo et Raiton""]";CHR_004
CHR_007;Sakura Haruno;BASE;True;Force contrôlée et médecine : peu de coups, chacun décisif, soins mesurés.;JUT_175;"{""pv"": 110, ""depl"": 4.4, ""notes"": ""Soins reçus +20 %""}";"{""nom"": ""Contrôle précis du chakra"", ""effet"": ""Les coups de taijutsu critiques libèrent une onde de 1,5 m (40 % des dégâts) ; délai interne 0,5 s.""}";"Portée courte ; dépend du positionnement.";Techniques médicales : chaque élimination d'élite soigne 8 % des PV max (dans le plafond de soin).;"[""ELEM_DOTON"", ""APT_MED"", ""CTR_LIMACE"", ""APT_GEN""]";ULT_006;[];"{""type"": ""DEPART""}";"[""Frappes tectoniques"", ""Soutien médical et genjutsu défensif""]";
CHR_008;Kakashi Hatake;BASE;True;Ninja aux mille techniques : copie et polyvalence élémentaire.;JUT_050;"{""pv"": 105, ""depl"": 4.6, ""notes"": ""Pool élargi : +1 technique admissible par élément possédé""}";"{""nom"": ""Copie du Sharingan"", ""effet"": ""Une fois par run, après avoir vu 3 fois une technique d'élite, le joueur reçoit une carte bonus pour une technique de base admissible de même famille.""}";Chakra limité : ultime gagne −15 % de chakra.;Peut équiper 2 techniques de familles élémentaires différentes avec +10 % de Puissance chacune (bonus « Polyvalence »).;"[""ELEM_RAITON"", ""ELEM_DOTON"", ""ELEM_SUITON"", ""ELEM_KATON"", ""DOJ_SHARINGAN"", ""CTR_CHIEN"", ""APT_KENJ"", ""APT_GEN""]";ULT_008;[];"{""type"": ""PREMIERE_RUN""}";"[""Raiton et meute de ninken"", ""Mosaïque élémentaire Suiton-Doton""]";
CHR_009;Kakashi — Kamui;VARIANTE;;Contrôle de l'espace à distance : effacer des zones entières.;JUT_310;"{""pv"": 100, ""depl"": 4.6, ""notes"": ""—""}";"{""nom"": ""Double Mangekyō"", ""effet"": ""Kamui (JUT_310) peut être lancé avec 2 charges ; la 2e charge se recharge en 12 s.""}";Défense faible et peu d'aire continue.;Les ennemis éliminés par Kamui ne laissent pas de fragments : leur XP arrive directement (+10 %).;"[""ELEM_RAITON"", ""ELEM_DOTON"", ""ELEM_SUITON"", ""DOJ_SHARINGAN"", ""DOJ_MANGEKYO"", ""CTR_CHIEN""]";ULT_009;"[""TRF_022""]";"{""type"": ""MAITRISE"", ""niveau"": 6, ""ref"": ""MIS_109""}";"[""Effacement spatial"", ""Raiton de précision""]";CHR_008
CHR_010;Kakashi — ANBU;VARIANTE;;Assassin : attaques de dos, pièges et chiens.;JUT_200;"{""pv"": 95, ""depl"": 5.0, ""notes"": ""Chance critique +10 %""}";"{""nom"": ""Masque de chien"", ""effet"": ""Les ennemis ciblant autre chose que le joueur (clones, leurres) reçoivent +30 % de dégâts de sa part.""}";Très fragile au contact.;Esquive : laisse un leurre qui provoque 1,5 s.;"[""ELEM_RAITON"", ""DOJ_SHARINGAN"", ""CTR_CHIEN"", ""APT_KENJ""]";ULT_008;[];"{""type"": ""MAITRISE"", ""niveau"": 3, ""ref"": ""MIS_110""}";"[""Frappes de dos et leurres"", ""Pièges et meute""]";CHR_008
CHR_011;Sakura — Byakugō;VARIANTE;;Tank régénérant : encaisser, puis frapper avec la réserve du sceau.;JUT_228;"{""pv"": 140, ""depl"": 4.3, ""notes"": ""—""}";"{""nom"": ""Sceau de la force (réserve)"", ""effet"": ""10 % des soins excédentaires (au-delà du plafond) sont stockés ; à 50 points, le prochain coup de taijutsu libère la réserve en dégâts ×3.""}";Peu de dégâts de zone à distance.;Katsuyu (JUT_228) peut se diviser en 2 limaces (soins partagés, pas cumulés au-delà du plafond).;"[""ELEM_DOTON"", ""APT_MED"", ""CTR_LIMACE""]";ULT_007;"[""TRF_012""]";"{""type"": ""MAITRISE"", ""niveau"": 5, ""ref"": ""MIS_111""}";"[""Frappes de réserve"", ""Soutien Katsuyu""]";CHR_007
CHR_012;Gaara;BASE;True;Défense mobile automatique puis contrôle de zone par le sable.;JUT_131;"{""pv"": 110, ""depl"": 4.1, ""notes"": ""Armure +2""}";"{""nom"": ""Défense absolue"", ""effet"": ""Suna no Tate (JUT_134) est toujours actif avec 1 charge même sans être équipé (n'occupe pas d'emplacement).""}";"Lent ; faible vitesse de projectile.";Les surfaces SABLE créées par le joueur ralentissent les ennemis et accélèrent le joueur de 10 %.;"[""KG_SABLE"", ""ELEM_FUTON"", ""APT_JINCH""]";ULT_010;"[""TRF_011""]";"{""type"": ""MISSION"", ""ref"": ""MIS_112""}";"[""Forteresse de sable (défense mobile)"", ""Désert contrôlé (Sabaku Kyū / Sōsō)""]";
CHR_013;Gaara — Kazekage;VARIANTE;;Artillerie de sable aérienne : il frappe de loin, le sable fait le reste.;JUT_133;"{""pv"": 115, ""depl"": 4.3, ""notes"": ""Zone +15 %""}";"{""nom"": ""Œil de sable"", ""effet"": ""Voit à 16 m (indicateurs hors écran) ; les techniques DIFFERE de sable ont −20 % de délai.""}";Aucune transformation : repose sur l'ultime (Maîtrise de l'ultime).;Maîtrise de l'ultime : gain de chakra +30 % et second effet d'ULT_010.;"[""KG_SABLE"", ""ELEM_FUTON""]";ULT_010;[];"{""type"": ""MAITRISE"", ""niveau"": 5, ""ref"": ""MIS_113""}";"[""Averse de sable"", ""Tempête de contrôle""]";CHR_012
CHR_014;Rock Lee;BASE;True;Vitesse et engagement : mêlée continue sans ninjutsu.;JUT_161;"{""pv"": 125, ""depl"": 5.2, ""notes"": ""Pas d'accès aux éléments""}";"{""nom"": ""Fleur de la jeunesse"", ""effet"": ""Chaque ennemi touché au contact dans les 2 dernières secondes donne +3 % de Cadence (max +30 %).""}";Aucun ninjutsu ni genjutsu : les tireurs lointains exigent du déplacement.;"Poids aux chevilles : l'esquive gagne +1 charge ; à la première ouverture de Porte, les poids tombent (+15 % déplacement pour la run).";"[""APT_PORTES""]";ULT_011;"[""TRF_009""]";"{""type"": ""MISSION"", ""ref"": ""MIS_114""}";"[""Tourbillon de contact"", ""Portes et Lotus""]";
CHR_015;Rock Lee — Poing ivre;VARIANTE;;Imprévisible : frappes erratiques automatiques, esquive naturelle.;JUT_170;"{""pv"": 120, ""depl"": 4.8, ""notes"": ""—""}";"{""nom"": ""Ivresse"", ""effet"": ""Les déplacements ont une légère ondulation visuelle ; 1 coup de contact sur 8 est esquivé automatiquement (déterministe, compteur visible).""}";Contrôle imprécis de la zone de frappe.;Le compteur d'ivresse (8 pips) est affiché sous le portrait : aucune esquive cachée.;"[""APT_PORTES""]";ULT_011;"[""TRF_009""]";"{""type"": ""MISSION"", ""ref"": ""MIS_115""}";"[""Ivresse permanente"", ""Portes chaotiques""]";CHR_014
CHR_016;Neji Hyūga;BASE;True;Défense rotative et points vitaux : sanctuaire à 360°.;JUT_297;"{""pv"": 110, ""depl"": 4.5, ""notes"": ""—""}";"{""nom"": ""Byakugan (angle mort réduit)"", ""effet"": ""Voit à 360° : les ennemis derrière le joueur sont ciblés à égalité avec ceux de devant ; Marque automatique (JUT_312 simplifié) sur 1 élite toutes les 8 s.""}";Dégâts de zone lointaine faibles.;Chaque Rotation (JUT_297) prépare le Champ des trigrammes : la prochaine technique CONTACT touche 2 fois.;"[""CLAN_HYUGA"", ""DOJ_BYAKUGAN""]";ULT_012;[];"{""type"": ""MISSION"", ""ref"": ""MIS_116""}";"[""Sanctuaire rotatif"", ""Soixante-quatre paumes et points vitaux""]";
CHR_017;Hinata Hyūga;BASE;True;Protectrice : coups souples qui affaiblissent et protègent.;JUT_296;"{""pv"": 105, ""depl"": 4.5, ""notes"": ""Réduction des dégâts +5 %""}";"{""nom"": ""Détermination"", ""effet"": ""Chaque ennemi affaibli par Jūken à 3 m réduit de 2 % les dégâts subis (max 10 %).""}";Élimination lente des grandes hordes avant 10 min.;Les boucliers qu'elle crée durent 50 % plus longtemps avant dissipation.;"[""CLAN_HYUGA"", ""DOJ_BYAKUGAN""]";ULT_012;[];"{""type"": ""MISSION"", ""ref"": ""MIS_117""}";"[""Affaiblissement de masse"", ""Protection des 64 paumes""]";
CHR_018;Hinata — Poings de lion;VARIANTE;;Agression à allonge : têtes de lion qui drainent le chakra.;JUT_300;"{""pv"": 110, ""depl"": 4.6, ""notes"": ""—""}";"{""nom"": ""Lions jumeaux"", ""effet"": ""Le drain de chakra de JUT_300 est doublé contre les élites ; l'ultime sort 30 % plus souvent.""}";Moins de défense que la version de base.;"Cycle ultime rapide ; chaque ultime rafraîchit les têtes de lion (+20 % dégâts 5 s).";"[""CLAN_HYUGA"", ""DOJ_BYAKUGAN""]";ULT_012;[];"{""type"": ""MAITRISE"", ""niveau"": 4, ""ref"": ""MIS_118""}";"[""Cycle d'ultime"", ""Allonge et drain""]";CHR_017
CHR_019;Shikamaru Nara;BASE;True;Stratège : immobiliser, puis exécuter les cibles liées.;JUT_282;"{""pv"": 100, ""depl"": 4.3, ""notes"": ""—""}";"{""nom"": ""Plan à 200 coups"", ""effet"": ""Chaque montée de niveau montre 1 carte supplémentaire en aperçu (grisée) de la proposition suivante.""}";"Faible dégât direct ; exige de combiner l'ombre avec d'autres sources.";"Les surfaces OMBRE durent 2 s de plus ; les ennemis Liés par l'ombre subissent +15 % de dégâts (Vulnérable).";"[""CLAN_NARA"", ""ELEM_KATON"", ""APT_FUIN""]";ULT_014;[];"{""type"": ""MISSION"", ""ref"": ""MIS_119""}";"[""Exécution des ombres"", ""Pièges et étiquettes""]";
CHR_020;Shikamaru — Héritier d'Asuma;VARIANTE;;Lames de vent et pièges explosifs : venger le maître.;JUT_196;"{""pv"": 105, ""depl"": 4.5, ""notes"": ""—""}";"{""nom"": ""Serment du Roi"", ""effet"": ""Les ennemis Liés par l'ombre prennent +1 Entaillé par coup de lame.""}";Moins de contrôle pur.;Fil d'acier (JUT_192) et étiquettes explosives : +1 instance.;"[""CLAN_NARA"", ""ELEM_FUTON"", ""ELEM_KATON"", ""APT_FUIN""]";ULT_014;[];"{""type"": ""MAITRISE"", ""niveau"": 4, ""ref"": ""MIS_120""}";"[""Lames et ombres"", ""Champ de pièges""]";CHR_019
CHR_021;Shino Aburame;BASE;True;Essaim patient : parasiter, puis multiplier la nuée.;JUT_291;"{""pv"": 105, ""depl"": 4.2, ""notes"": ""—""}";"{""nom"": ""Ruche vivante"", ""effet"": ""Chaque ennemi Parasité qui meurt ajoute 1 insecte à l'essaim (+2 % dégâts de l'essaim, max +60 %).""}";"Démarrage lent ; aucune explosion.";"L'essaim est 1 seule unité logique ; les insectes sont décoratifs (règle §G5).";"[""CLAN_ABURAME""]";ULT_015;[];"{""type"": ""MISSION"", ""ref"": ""MIS_121""}";"[""Nuée croissante"", ""Dômes et contre-attaques""]";
CHR_022;Kiba Inuzuka;BASE;True;Duo mobile : Akamaru et vrilles en X.;JUT_294;"{""pv"": 115, ""depl"": 4.8, ""notes"": ""—""}";"{""nom"": ""Flair"", ""effet"": ""Les élites et coffres hors écran sont signalés ; Akamaru (JUT_230) est offert au niveau 3 si non obtenu.""}";Dépend d'Akamaru pour la couverture arrière.;Gatsūga part d'Akamaru si présent : deux angles d'attaque.;"[""CLAN_INUZUKA""]";ULT_016;[];"{""type"": ""MISSION"", ""ref"": ""MIS_122""}";"[""Vrilles croisées"", ""Meute (compagnons animaux)""]";
CHR_023;Kiba — Garōga;VARIANTE;;Forage lourd et lent : un coup qui creuse la carte.;JUT_295;"{""pv"": 130, ""depl"": 4.5, ""notes"": ""—""}";"{""nom"": ""Loup bicéphale"", ""effet"": ""Après chaque Garōga, Akamaru et le joueur gagnent +20 % Cadence 4 s.""}";Rythme lent entre les gros coups.;Garōga laisse une tranchée (surface) qui ralentit de 20 %.;"[""CLAN_INUZUKA""]";ULT_016;[];"{""type"": ""MAITRISE"", ""niveau"": 5, ""ref"": ""MIS_123""}";"[""Tranchées"", ""Rafales de vrilles""]";CHR_022
CHR_024;Kankurō;BASE;True;Marionnettiste : trois marionnettes spécialisées et poison.;JUT_202;"{""pv"": 100, ""depl"": 4.2, ""notes"": ""Portée des fils +2 m""}";"{""nom"": ""Maître des fils"", ""effet"": ""Les marionnettes ne comptent que pour 1/2 dans le plafond d'unités (arrondi supérieur).""}";"Marionnettes rompues à plus de 9 m ; le joueur doit rester proche.";Combo Kuroari + Karasu : ×2 dégâts sur la cible emprisonnée.;"[""APT_MARIO"", ""ELEM_FUTON""]";ULT_025;[];"{""type"": ""MISSION"", ""ref"": ""MIS_124""}";"[""Trio de marionnettes"", ""Poison et pièges""]";
CHR_025;Kankurō — Marionnette de Sasori;VARIANTE;;Contrôle adverse : fils qui retournent les ennemis.;JUT_208;"{""pv"": 105, ""depl"": 4.3, ""notes"": ""—""}";"{""nom"": ""Marionnette de Sasori"", ""effet"": ""Une marionnette-lanceflammes permanente (non comptée dans les emplacements) crache du feu en cône toutes les 3 s (18).""}";Moins d'unités simultanées.;Les ennemis contrôlés par fils explosent en poison à leur mort.;"[""APT_MARIO"", ""ELEM_FUTON""]";ULT_025;[];"{""type"": ""MAITRISE"", ""niveau"": 5, ""ref"": ""MIS_125""}";"[""Retournement"", ""Poison de Sasori""]";CHR_024
CHR_026;Temari;BASE;True;Contrôle au vent : grandes faux, recul, champ dégagé.;JUT_074;"{""pv"": 100, ""depl"": 4.5, ""notes"": ""Zone +10 %""}";"{""nom"": ""Grand éventail"", ""effet"": ""Les techniques Fūton gagnent +1 m de portée ; Frappe du grand éventail (JUT_211) réduit leurs délais.""}";"Dégâts modérés par coup ; le recul peut disperser ses propres zones (atténué §B8.4).";Toutes les 3 Kamaitachi, Kamatari traverse l'écran gratuitement (si JUT_232 possédé : ×1,5).;"[""ELEM_FUTON"", ""CTR_BELETTE""]";ULT_018;[];"{""type"": ""MISSION"", ""ref"": ""MIS_126""}";"[""Faux de vent"", ""Vent attiseur de feu (avec passifs de synergie)""]";
CHR_027;Jiraiya;BASE;True;Sannin polyvalent : huile, feu, crapauds, cheveux.;JUT_010;"{""pv"": 130, ""depl"": 4.3, ""notes"": ""—""}";"{""nom"": ""Ermite pervers (Gama Sennin)"", ""effet"": ""Les surfaces HUILE créées par le joueur durent 2 s de plus ; +1 Rouleau par run.""}";Pas de transformation dans cette version (Maîtrise de l'ultime).;Maîtrise de l'ultime : Hari Jizō riposte automatiquement à 3 coups de contact.;"[""ELEM_KATON"", ""ELEM_DOTON"", ""ELEM_FUTON"", ""CTR_CRAPAUD"", ""APT_RASEN"", ""APT_FUIN""]";ULT_019;[];"{""type"": ""MISSION"", ""ref"": ""MIS_127""}";"[""Huile et feu"", ""Crapauds et Rasengan""]";
CHR_028;Jiraiya — Mode Ermite;VARIANTE;;Ermite imparfait épaulé par Fukasaku et Shima : combos d'éléments à deux voix.;JUT_242;"{""pv"": 135, ""depl"": 4.1, ""notes"": ""—""}";"{""nom"": ""Mode imparfait"", ""effet"": ""Mode Ermite (TRF_002) dure 30 % de moins mais se recharge 30 % plus vite ; les anciens restent pendant la transformation.""}";Silhouette alourdie (traits de crapaud) : vitesse réduite.;Jet d'huile des anciens + Katon du joueur = embrasement garanti (SYN_003 sans délai interne 1 fois / 5 s).;"[""ELEM_KATON"", ""ELEM_DOTON"", ""ELEM_FUTON"", ""CTR_CRAPAUD"", ""APT_RASEN"", ""APT_FUIN"", ""APT_SENJ"", ""APT_GEN""]";ULT_002;"[""TRF_002""]";"{""type"": ""MAITRISE"", ""niveau"": 5, ""ref"": ""MIS_128""}";"[""Duo des anciens"", ""Chant des crapauds""]";CHR_027
CHR_029;Tsunade;BASE;True;Force sannin et longévité : soigne en frappant, gagne en encaissant.;JUT_174;"{""pv"": 150, ""depl"": 4.2, ""notes"": ""Régénération +0,5/s""}";"{""nom"": ""Hémophobie vaincue"", ""effet"": ""Sous 50 % de PV : dégâts de taijutsu +25 %.""}";"Lente ; peu d'options à distance.";Chaque coup lourd (≥ 40 dégâts) soigne 1 PV (plafond de soin).;"[""ELEM_DOTON"", ""ELEM_RAITON"", ""APT_MED"", ""CTR_LIMACE""]";ULT_007;"[""TRF_012""]";"{""type"": ""MISSION"", ""ref"": ""MIS_129""}";"[""Talon céleste et séismes"", ""Katsuyu et régénération""]";
CHR_030;Orochimaru;BASE;True;Serpents et corps modifié : poison, mues et invocations interdites.;JUT_227;"{""pv"": 110, ""depl"": 4.4, ""notes"": ""—""}";"{""nom"": ""Mue"", ""effet"": ""Une fois par run, un coup fatal est annulé : le joueur mue (1 PV → 40 % PV) et devient invulnérable 1,5 s.""}";Dégâts de départ faibles, puissance tardive.;"Les morsures de serpent appliquent Empoisonné ; les cibles empoisonnées à 5 cumuls attirent les serpents (+1 cible).";"[""ELEM_FUTON"", ""CTR_SERPENT"", ""APT_CORPS"", ""APT_FUIN"", ""APT_KENJ""]";ULT_020;[];"{""type"": ""MISSION"", ""ref"": ""MIS_130""}";"[""Nids de serpents"", ""Sceaux interdits et Edo Tensei""]";
CHR_031;Itachi Uchiha;BASE;True;Illusionniste économe : leurres, corbeaux, frappes rares et décisives.;JUT_223;"{""pv"": 95, ""depl"": 4.6, ""notes"": ""Chance critique +10 %""}";"{""nom"": ""Maladie"", ""effet"": ""PV max −10 %, mais chaque technique Oculaire se recharge 15 % plus vite.""}";"Fragile ; peu de régénération.";Les leurres (clones de corbeaux, Bunshin) provoquent aussi les élites.;"[""ELEM_KATON"", ""ELEM_SUITON"", ""CLAN_UCHIHA"", ""DOJ_SHARINGAN"", ""DOJ_MANGEKYO"", ""CTR_CORBEAU"", ""APT_GEN""]";ULT_021;"[""TRF_007""]";"{""type"": ""MISSION"", ""ref"": ""MIS_131""}";"[""Corbeaux et genjutsu"", ""Amaterasu et Susanoo""]";
CHR_032;Itachi — Réanimé;VARIANTE;;Corps indestructible : il se reconstitue, les flammes noires s'étendent.;JUT_309;"{""pv"": 90, ""depl"": 4.6, ""notes"": ""Aucune régénération ni soin""}";"{""nom"": ""Corps réanimé"", ""effet"": ""Pas de soins ; à la place, toutes les 20 s, les PV perdus depuis 20 s sont rendus à 50 % (reconstitution visible : fissures qui se referment).""}";Les soins et vols de vie ne fonctionnent pas (retirés du pool).;Amaterasu se transmet 1 fois de plus (3 transmissions).;"[""ELEM_KATON"", ""ELEM_SUITON"", ""CLAN_UCHIHA"", ""DOJ_SHARINGAN"", ""DOJ_MANGEKYO"", ""CTR_CORBEAU"", ""APT_GEN""]";ULT_021;"[""TRF_007""]";"{""type"": ""MAITRISE"", ""niveau"": 6, ""ref"": ""MIS_132""}";"[""Brasier noir"", ""Susanoo et épée scellante""]";CHR_031
CHR_033;Kisame Hoshigaki;BASE;True;Réserve de chakra infinie : dévorer le chakra ennemi au contact.;JUT_198;"{""pv"": 140, ""depl"": 4.3, ""notes"": ""Gain de chakra +20 %""}";"{""nom"": ""Bête à queues sans queue"", ""effet"": ""Chaque 100 chakra dépensés rendent 10 % des PV max (dans le plafond de soin).""}";Portée courte hors eau.;Sur une surface EAU : +20 % déplacement et +15 % dégâts Suiton.;"[""ELEM_SUITON"", ""CTR_REQUIN"", ""APT_KENJ""]";ULT_022;"[""TRF_018""]";"{""type"": ""MISSION"", ""ref"": ""MIS_133""}";"[""Drain Samehada"", ""Arène aquatique""]";
CHR_034;Kisame — Maître des requins;VARIANTE;;Invocateur aquatique : inonder la carte, les requins chassent.;JUT_029;"{""pv"": 120, ""depl"": 4.4, ""notes"": ""—""}";"{""nom"": ""Mer intérieure"", ""effet"": ""Les surfaces EAU créées par le joueur durent 3 s de plus et le plafond de requins (JUT_233) passe à 5.""}";Sans eau au sol, beaucoup de techniques sont moyennes.;Maîtrise de l'ultime (pas de transformation) : second effet de Danse des requins.;"[""ELEM_SUITON"", ""CTR_REQUIN""]";ULT_022;[];"{""type"": ""MAITRISE"", ""niveau"": 5, ""ref"": ""MIS_134""}";"[""Inondation et requins"", ""Prisons d'eau""]";CHR_033
CHR_035;Deidara;BASE;True;L'art est une explosion : créatures d'argile et bombes différées.;JUT_147;"{""pv"": 95, ""depl"": 4.5, ""notes"": ""—""}";"{""nom"": ""Katsu !"", ""effet"": ""Toutes les créatures d'argile non explosées à la fin de leur durée explosent quand même (dégâts 50 %).""}";Explosions retardées : faible contre les chargeurs rapides.;Les explosions (tag EXPLOSIF) du joueur détruisent les obstacles destructibles et les projectiles ennemis dans leur zone.;"[""KG_BAKUTON"", ""ELEM_DOTON"", ""ELEM_RAITON""]";ULT_023;[];"{""type"": ""MISSION"", ""ref"": ""MIS_135""}";"[""Tapis de mines C1"", ""Grandes bombes C3""]";
CHR_036;Deidara — Artiste aérien;VARIANTE;;Bombardier au-dessus du champ : dragons et nano-bombes.;JUT_148;"{""pv"": 90, ""depl"": 4.8, ""notes"": ""—""}";"{""nom"": ""Oiseau de monture"", ""effet"": ""Survole les obstacles bas et les surfaces (immunité aux ralentissements de terrain) ; ombre au sol toujours visible.""}";PV très faibles.;Accès exclusif à C4 Karura (JUT_150).;"[""KG_BAKUTON"", ""ELEM_DOTON"", ""ELEM_RAITON""]";ULT_024;[];"{""type"": ""MAITRISE"", ""niveau"": 6, ""ref"": ""MIS_136""}";"[""Escadre de dragons"", ""Nano-bombes""]";CHR_035
CHR_037;Sasori;BASE;True;Poison absolu : marionnettes humaines et aiguilles.;JUT_205;"{""pv"": 100, ""depl"": 4.1, ""notes"": ""—""}";"{""nom"": ""Poison de Sasori"", ""effet"": ""Le Poison cumule jusqu'à 15 et ses dégâts par cumul passent à 2,5/s.""}";"Dégâts directs faibles ; long temps de mise en place.";Les marionnettes ne sont jamais rompues par la distance (fils de 12 m).;"[""APT_MARIO"", ""ELEM_KATON"", ""ELEM_SUITON"", ""ELEM_FUTON""]";ULT_025;[];"{""type"": ""MISSION"", ""ref"": ""MIS_137""}";"[""Poison maximal"", ""Armée de marionnettes""]";
CHR_038;Sasori — Troisième Kazekage;VARIANTE;;Sable de fer magnétique : figer et hérisser le champ de bataille.;JUT_136;"{""pv"": 105, ""depl"": 4.1, ""notes"": ""—""}";"{""nom"": ""Marionnette humaine"", ""effet"": ""Les techniques Jiton appliquent aussi Empoisonné +1.""}";Peu de mobilité.;Les ennemis Aimantés sont attirés vers le noyau le plus proche ET ralentis de 15 %.;"[""APT_MARIO"", ""KG_JITON""]";ULT_025;[];"{""type"": ""MAITRISE"", ""niveau"": 5, ""ref"": ""MIS_138""}";"[""Hérisson de fer"", ""Aimantation et poison""]";CHR_037
CHR_039;Pain (Chemin des Dieux);BASE;True;Répulsion et attraction : contrôler l'espace autour de soi.;JUT_313;"{""pv"": 115, ""depl"": 4.2, ""notes"": ""—""}";"{""nom"": ""Intervalle de cinq secondes"", ""effet"": ""Après Shinra Tensei, attraction et répulsion ont un délai partagé de 1 s ; en contrepartie leurs dégâts sont +30 %.""}";Rythme en créneaux : vulnérable dans les intervalles.;Alternance attraction/répulsion affichée sur l'icône (repousser puis attirer = bonus).;"[""DOJ_RINNEGAN"", ""ELEM_FUTON"", ""ELEM_SUITON"", ""ELEM_DOTON""]";ULT_026;[];"{""type"": ""MISSION"", ""ref"": ""MIS_139""}";"[""Répulsion-attraction"", ""Chemins de Rinnegan""]";
CHR_040;Pain — Six Chemins;VARIANTE;;Six corps : chaque technique de Rinnegan est portée par un chemin distinct.;JUT_237;"{""pv"": 100, ""depl"": 4.2, ""notes"": ""—""}";"{""nom"": ""Vision partagée"", ""effet"": ""Les invocations de Rinnegan voient pour le joueur : pas d'angle mort, indicateurs hors écran à 18 m.""}";Plafond d'unités atteint vite.;Chaque technique Oculaire possédée fait apparaître un corps logique (sans collision) qui la lance depuis un autre angle.;"[""DOJ_RINNEGAN"", ""ELEM_FUTON"", ""ELEM_SUITON"", ""ELEM_DOTON""]";ULT_026;[];"{""type"": ""MAITRISE"", ""niveau"": 6, ""ref"": ""MIS_140""}";"[""Six angles de feu"", ""Bestiaire""]";CHR_039
CHR_041;Minato Namikaze;BASE;True;Éclair jaune : kunai de marquage et téléportation volontaire.;JUT_265;"{""pv"": 105, ""depl"": 5.0, ""notes"": ""Recharge d'esquive −25 %""}";"{""nom"": ""Dieu du tonnerre volant"", ""effet"": ""Chaque esquive laisse un kunai de marquage (max 3 avec JUT_265).""}";Dépend des kunai : un champ vide réduit son efficacité.;Esquive vers un kunai possible dès le départ (Hiraishin Giri simplifié, sans dégâts).;"[""ELEM_FUTON"", ""ELEM_KATON"", ""ELEM_RAITON"", ""APT_FUIN"", ""APT_RASEN"", ""CTR_CRAPAUD""]";ULT_027;[];"{""type"": ""MISSION"", ""ref"": ""MIS_141""}";"[""Réseau de kunai"", ""Rasengan et sceaux""]";
CHR_042;Minato — Chakra de Kurama;VARIANTE;;Vitesse et chakra Yang : Rasengan téléporté.;JUT_281;"{""pv"": 120, ""depl"": 5.2, ""notes"": ""—""}";"{""nom"": ""Moitié Yang"", ""effet"": ""Le Rasengan peut être téléporté sur un kunai de marquage (lancé depuis ce kunai).""}";PV modestes pour un profil de mêlée.;Bijūdama (ULT_003) lancée depuis le kunai le plus proche des ennemis.;"[""ELEM_FUTON"", ""ELEM_KATON"", ""ELEM_RAITON"", ""APT_FUIN"", ""APT_RASEN"", ""APT_JINCH""]";ULT_003;"[""TRF_003""]";"{""type"": ""MAITRISE"", ""niveau"": 6, ""ref"": ""MIS_142""}";"[""Rasengan téléporté"", ""Mode Kurama""]";CHR_041
CHR_043;Madara Uchiha;BASE;True;Légende armée : feu de masse, éventail de guerre, Susanoo.;JUT_007;"{""pv"": 130, ""depl"": 4.5, ""notes"": ""Puissance +10 %""}";"{""nom"": ""Danse"", ""effet"": ""Chaque élite éliminée donne +5 % de Puissance jusqu'à la fin de la run (max +30 %).""}";"Techniques à délais longs ; peu de mobilité défensive.";Gunbai (JUT_216) renvoie aussi les projectiles de boss mineurs (non télégraphiés).;"[""ELEM_KATON"", ""ELEM_FUTON"", ""CLAN_UCHIHA"", ""DOJ_SHARINGAN"", ""DOJ_MANGEKYO"", ""APT_KENJ""]";ULT_028;"[""TRF_008""]";"{""type"": ""MISSION"", ""ref"": ""MIS_143""}";"[""Extinction par le feu"", ""Susanoo et gunbai""]";
CHR_044;Madara — Rinnegan;VARIANTE;;Dieu de la guerre : bois, météores, attractions.;JUT_314;"{""pv"": 140, ""depl"": 4.4, ""notes"": ""—""}";"{""nom"": ""Cellules de Hashirama"", ""effet"": ""Régénération +0,8/s ; accès au Mokuton.""}";Démarrage modeste, montée en puissance tardive.;Accès exclusif à Tengai Shinsei (JUT_320).;"[""ELEM_KATON"", ""ELEM_FUTON"", ""CLAN_UCHIHA"", ""DOJ_SHARINGAN"", ""DOJ_MANGEKYO"", ""DOJ_RINNEGAN"", ""KG_MOKUTON""]";ULT_029;"[""TRF_017"", ""TRF_008""]";"{""type"": ""MAITRISE"", ""niveau"": 7, ""ref"": ""MIS_144""}";"[""Météores et Mokuton"", ""Rinnegan et Dix-Queues""]";CHR_043
CHR_045;Might Guy;BASE;True;Bête verte : ouvrir les Portes au bon moment, puis tout balayer.;JUT_166;"{""pv"": 135, ""depl"": 5.1, ""notes"": ""Pas d'accès aux éléments""}";"{""nom"": ""Rival éternel"", ""effet"": ""Chaque élite éliminée au contact accorde +1 charge de Porte (TRF_009) — ouvre une Porte de plus.""}";"Aucun contrôle à distance ; les Portes coûtent des PV.";"Les Portes s'ouvrent par paliers visibles (1 à 7 ; 8 via TRF_010).";"[""APT_PORTES""]";ULT_011;"[""TRF_009"", ""TRF_010""]";"{""type"": ""MISSION"", ""ref"": ""MIS_145""}";"[""Paon et Tigre"", ""Tortue et nunchaku (défense)""]";
CHR_046;Ino Yamanaka;BASE;;Esprit : retourner les élites, confondre les hordes, soigner l'équipe mentale.;JUT_289;"{""pv"": 100, ""depl"": 4.5, ""notes"": ""—""}";"{""nom"": ""Fleuriste"", ""effet"": ""Les ennemis Confus lâchent des pétales : +1 % de chakra par ennemi confus éliminé.""}";Dégâts directs faibles.;Les élites contrôlées gagnent +50 % de durée si elles sont Confuses au moment du transfert.;"[""CLAN_YAMANAKA"", ""APT_MED"", ""APT_GEN""]";ULT_030;[];"{""type"": ""MISSION"", ""ref"": ""MIS_146""}";"[""Chaos mental"", ""Élites retournées""]";
CHR_047;Chōji Akimichi;BASE;;Masse : rouler, grossir, écraser.;JUT_285;"{""pv"": 150, ""depl"": 4.0, ""notes"": ""Armure +2""}";"{""nom"": ""Estomac d'Akimichi"", ""effet"": ""Les Rations de soldat soignent +50 % et donnent +10 chakra.""}";Très lent hors roulades.;Après chaque expansion (Baika), +1 m de rayon aux techniques CONTACT pendant 3 s.;"[""CLAN_AKIMICHI"", ""ELEM_DOTON""]";ULT_031;"[""TRF_021""]";"{""type"": ""MISSION"", ""ref"": ""MIS_147""}";"[""Char d'assaut"", ""Papillon de chakra""]";
CHR_048;Tenten;BASE;;Arsenal : quantité, variété, pluie d'armes.;JUT_194;"{""pv"": 100, ""depl"": 4.6, ""notes"": ""Quantité +1""}";"{""nom"": ""Maîtresse d'armes"", ""effet"": ""Les techniques OUTIL ont +1 niveau maximal virtuel : au niveau 8, une 9e amélioration « Affûtage » (+15 % dégâts) apparaît.""}";Aucun élément : peu de synergies de terrain.;Les rouleaux d'invocation peuvent contenir un équipement : +1 choix sur chaque Rouleau.;"[""APT_KENJ""]";ULT_032;[];"{""type"": ""MISSION"", ""ref"": ""MIS_148""}";"[""Pluie d'armes"", ""Armes de précision""]";
CHR_049;Tenten — Trésors du Sage;VARIANTE;;Artefacts : l'éventail change d'élément à chaque coup.;JUT_213;"{""pv"": 105, ""depl"": 4.5, ""notes"": ""—""}";"{""nom"": ""Trésors du Sage"", ""effet"": ""L'élément courant du Bashōsen s'ajoute comme tag à la prochaine technique OUTIL lancée.""}";Rythme élémentaire imposé.;Cycle élémentaire affiché : planifier les synergies (huile→feu, eau→foudre).;"[""APT_KENJ""]";ULT_032;[];"{""type"": ""MAITRISE"", ""niveau"": 5, ""ref"": ""MIS_149""}";"[""Cycle élémentaire"", ""Arsenal mixte""]";CHR_048
CHR_050;Sai;BASE;;Encre vivante : fauves, serpents, oiseaux.;JUT_235;"{""pv"": 95, ""depl"": 4.6, ""notes"": ""—""}";"{""nom"": ""Rouleau vierge"", ""effet"": ""Chaque technique d'encre qui élimine une élite dessine gratuitement 1 fauve d'encre supplémentaire (6 s).""}";Unités fragiles à l'eau (surfaces EAU : durée −30 %, signalé).;Les ennemis Encrés sont ciblés en priorité par les créatures d'encre.;"[""APT_ENCRE"", ""APT_KENJ""]";ULT_033;[];"{""type"": ""MISSION"", ""ref"": ""MIS_150""}";"[""Ménagerie d'encre"", ""Tantō et encre""]";
CHR_051;Yamato;BASE;;Architecte du bois : murs, cages et contrôle défensif.;JUT_124;"{""pv"": 125, ""depl"": 4.3, ""notes"": ""—""}";"{""nom"": ""Capitaine du bois"", ""effet"": ""Les structures de bois (murs, cages, arbres) ont +50 % de PV et +2 s de durée.""}";"Dégâts moyens ; dépend des structures.";"Armure +2 à moins de 3 m d'une structure de bois alliée ; les cages de bois comptent comme obstacles pour les chargeurs (étourdis 1 s au choc).";"[""KG_MOKUTON"", ""ELEM_DOTON"", ""ELEM_SUITON""]";ULT_034;[];"{""type"": ""MISSION"", ""ref"": ""MIS_151""}";"[""Forteresse de bois"", ""Pieux et cages""]";
CHR_052;Asuma Sarutobi;BASE;;Cendres et lames de vent : aveugler, embraser, trancher.;JUT_005;"{""pv"": 115, ""depl"": 4.5, ""notes"": ""—""}";"{""nom"": ""Fumeur"", ""effet"": ""Les surfaces CENDRE durent 2 s de plus et s'embrasent au contact d'une technique Katon (SYN).""}";"Portée moyenne ; peu de défense.";Lames Hien : +1 Entaillé contre les ennemis Aveuglés.;"[""ELEM_KATON"", ""ELEM_FUTON"", ""CLAN_SARUTOBI""]";ULT_018;[];"{""type"": ""MISSION"", ""ref"": ""MIS_152""}";"[""Cendres embrasées"", ""Lames de vent""]";
CHR_053;Haku;BASE;;Glace et miroirs : piéger, refroidir, geler.;JUT_128;"{""pv"": 95, ""depl"": 4.9, ""notes"": ""Chance critique +5 %""}";"{""nom"": ""Miroirs de glace"", ""effet"": ""Dans le cercle de Makyō Hyōshō, le joueur est invulnérable aux projectiles 0,5 s toutes les 3 s.""}";"Fragile ; faible contre les ennemis à forte résistance au froid (élites « Brasier »).";Senbon compatibles : les techniques Senbon appliquent Refroidi.;"[""KG_HYOTON"", ""ELEM_SUITON"", ""ELEM_FUTON"", ""APT_MED""]";ULT_036;[];"{""type"": ""MISSION"", ""ref"": ""MIS_153""}";"[""Cercle de miroirs"", ""Gel en chaîne""]";
CHR_054;Zabuza Momochi;BASE;;Démon du brouillard : couperet et assassinat silencieux.;JUT_197;"{""pv"": 130, ""depl"": 4.5, ""notes"": ""—""}";"{""nom"": ""Démon de la brume"", ""effet"": ""Dans une brume (JUT_028), les attaques du joueur sur cibles Aveuglées font +30 %.""}";"Frappe lente ; vulnérable aux tireurs hors de la brume.";Le couperet se répare à chaque élimination (règle JUT_197).;"[""ELEM_SUITON"", ""APT_KENJ""]";ULT_037;[];"{""type"": ""MISSION"", ""ref"": ""MIS_154""}";"[""Brume et couperet"", ""Dragons d'eau""]";
CHR_055;Konan;BASE;;Papier : clones qui se dispersent, nuées et mer d'étiquettes.;JUT_247;"{""pv"": 100, ""depl"": 4.6, ""notes"": ""—""}";"{""nom"": ""Ange de papier"", ""effet"": ""Toutes les 12 s, le joueur se disperse en papier 0,4 s au premier coup reçu (invulnérable) et reforme son corps 2 m plus loin dans la direction de déplacement (déplacement uniquement si le joueur bouge).""}";Papier vulnérable au feu ennemi : +20 % dégâts subis des sources Katon ennemies (affiché).;Les étiquettes explosives créées par le joueur sont deux fois plus nombreuses (1 étiquette = 2 impacts à 60 %).;"[""APT_PAPIER"", ""APT_FUIN"", ""ELEM_FUTON""]";ULT_038;"[""TRF_023""]";"{""type"": ""MISSION"", ""ref"": ""MIS_155""}";"[""Nuée de papier"", ""Mer d'étiquettes""]";
CHR_056;Hidan;BASE;;Immortel sacrificiel : se blesser pour maudire.;JUT_195;"{""pv"": 160, ""depl"": 4.3, ""notes"": ""Aucune régénération""}";"{""nom"": ""Immortalité de Jashin"", ""effet"": ""Les coûts en PV (tag SACRIFICE) ne descendent jamais sous 1 PV et chaque PV sacrifié donne 0,5 chakra.""}";"Aucun soin régulier ; dépend de la malédiction pour tuer vite.";"Le Lien maudit (STA_20) est posé sur la cible de la faux ; les dégâts que le joueur s'inflige sont reproduits sur elle (×2).";"[""APT_CORPS""]";ULT_017;"[""TRF_019""]";"{""type"": ""MISSION"", ""ref"": ""MIS_156""}";"[""Malédiction ciblée"", ""Faux et contact""]";
CHR_057;Kakuzu;BASE;;Cinq cœurs, cinq affinités : masques élémentaires autonomes.;JUT_056;"{""pv"": 145, ""depl"": 4.1, ""notes"": ""Armure +3""}";"{""nom"": ""Cœurs volés"", ""effet"": ""Chaque élite éliminée ajoute 1 cœur (max 5) : +5 % PV max et +1 élément temporaire admissible pour la prochaine carte.""}";"Très lent ; les cœurs se perdent (1 par coup lourd reçu).";Les masques (TRF_020) sont des unités ANIMAL lançant des techniques de leur élément.;"[""ELEM_KATON"", ""ELEM_RAITON"", ""ELEM_FUTON"", ""ELEM_SUITON"", ""ELEM_DOTON"", ""APT_CORPS""]";ULT_039;"[""TRF_020""]";"{""type"": ""MISSION"", ""ref"": ""MIS_157""}";"[""Cinq masques"", ""Durcissement et contre""]";
CHR_058;Killer Bee;BASE;;Rythme et sabres : jinchūriki qui frappe en cadence.;JUT_212;"{""pv"": 140, ""depl"": 4.6, ""notes"": ""—""}";"{""nom"": ""Rime de la victoire"", ""effet"": ""Les coups qui tombent sur le 4e temps du cycle (indicateur de rythme au HUD) font ×2 ; pour le mode assisté, le cycle est automatique.""}";Couverture arrière faible sans tentacules.;Tentacules (TRF_014) : 8 extensions qui frappent dans toutes les directions.;"[""ELEM_RAITON"", ""APT_JINCH"", ""APT_KENJ""]";ULT_003;"[""TRF_014""]";"{""type"": ""MISSION"", ""ref"": ""MIS_158""}";"[""Sept sabres en rythme"", ""Lariat et Hachibi""]";
CHR_059;Hashirama Senju;BASE;;Dieu des shinobi : forêts qui naissent et soignent.;JUT_121;"{""pv"": 150, ""depl"": 4.4, ""notes"": ""Régénération +1,0/s""}";"{""nom"": ""Régénération Senju"", ""effet"": ""Les soins de Régénération ne sont pas comptés dans le plafond de soin (mais Régénération reste plafonnée à 3/s).""}";Dégâts de base modestes : puissance en surface et en contrôle.;Les surfaces BOIS soignent le joueur de 0,5 PV/s quand il s'y tient.;"[""KG_MOKUTON"", ""ELEM_DOTON"", ""ELEM_SUITON"", ""CLAN_SENJU"", ""APT_SENJ""]";ULT_034;"[""TRF_016""]";"{""type"": ""MISSION"", ""ref"": ""MIS_159""}";"[""Forêt vivante"", ""Mode Ermite Mokuton""]";
CHR_060;Tobirama Senju;BASE;;Suiton sans source d'eau et Hiraishin inventé : précision tactique.;JUT_034;"{""pv"": 115, ""depl"": 4.8, ""notes"": ""—""}";"{""nom"": ""Créateur"", ""effet"": ""Les techniques Suiton ne nécessitent jamais de surface EAU pour leurs bonus « sur eau » : elles comptent comme sur eau.""}";Aucune technique de zone large au départ.;Accès à Hiraishin (JUT_265/266) et à Edo Tensei (JUT_243).;"[""ELEM_SUITON"", ""ELEM_FUTON"", ""ELEM_RAITON"", ""CLAN_SENJU"", ""APT_FUIN""]";ULT_027;[];"{""type"": ""MISSION"", ""ref"": ""MIS_160""}";"[""Suiton de précision"", ""Hiraishin et réanimés""]";
CHR_061;Obito Uchiha (Tobi);BASE;;Intangibilité : traverser le danger, aspirer l'ennemi.;JUT_311;"{""pv"": 110, ""depl"": 4.5, ""notes"": ""—""}";"{""nom"": ""Dimension de Kamui"", ""effet"": ""Les ennemis ordinaires éliminés par une technique Kamui sont « aspirés » : leurs fragments sont remplacés par du chakra (+2 chacun).""}";Peu de dégâts de zone continue.;Intangibilité régulière (JUT_311) : lecture claire du danger requise pour l'exploiter.;"[""ELEM_KATON"", ""CLAN_UCHIHA"", ""DOJ_SHARINGAN"", ""DOJ_MANGEKYO"", ""KG_MOKUTON""]";ULT_009;"[""TRF_022""]";"{""type"": ""MISSION"", ""ref"": ""MIS_161""}";"[""Intangible et aspirant"", ""Mokuton et Katon""]";
CHR_062;Obito — Jinchūriki du Dix-Queues;VARIANTE;;Puissance cosmique : orbes, gunbai, Dix-Queues.;JUT_216;"{""pv"": 150, ""depl"": 4.6, ""notes"": ""—""}";"{""nom"": ""Orbes chercheuses de vérité"", ""effet"": ""4 orbes noires orbitent en permanence (unité logique d'orbite, 8 dégâts) et bloquent 1 projectile/2 s.""}";Sans Mangekyō Kamui dans cette version (Kamui retiré du pool).;Gunbai + Dix-Queues.;"[""ELEM_KATON"", ""CLAN_UCHIHA"", ""DOJ_SHARINGAN"", ""DOJ_RINNEGAN"", ""KG_MOKUTON"", ""APT_JINCH""]";ULT_003;"[""TRF_017""]";"{""type"": ""MAITRISE"", ""niveau"": 7, ""ref"": ""MIS_162""}";"[""Orbes et gunbai"", ""Mokuton cosmique""]";CHR_061
CHR_063;Kabuto Yakushi;BASE;;Médecin espion : poison, soins, sommeil.;JUT_206;"{""pv"": 110, ""depl"": 4.6, ""notes"": ""Soins reçus +15 %""}";"{""nom"": ""Scalpel de chakra"", ""effet"": ""Les coups de contact ralentissent de 10 % (nerfs coupés) et les aiguilles empoisonnées ont +1 cumul.""}";Dégâts faibles contre les boss (poison lent).;Temple du Nirvana (JUT_254) accessible dès le niveau 2.;"[""APT_MED"", ""APT_GEN"", ""CTR_SERPENT"", ""ELEM_DOTON""]";ULT_020;[];"{""type"": ""MISSION"", ""ref"": ""MIS_163""}";"[""Sommeil et poison"", ""Serpents médicaux""]";
CHR_064;Kabuto — Mode Ermite serpent;VARIANTE;;Nécromancien : réanimer les élites vaincues, serpents blancs.;JUT_243;"{""pv"": 125, ""depl"": 4.5, ""notes"": ""—""}";"{""nom"": ""Réanimateur"", ""effet"": ""Edo Tensei peut maintenir 2 réanimés simultanés (au lieu de 1).""}";Dépend des élites vaincues.;Mode Ermite serpent : perçoit les ennemis invisibles et les assassins hors écran.;"[""APT_MED"", ""APT_GEN"", ""CTR_SERPENT"", ""ELEM_DOTON"", ""APT_SENJ"", ""APT_CORPS""]";ULT_020;"[""TRF_013""]";"{""type"": ""MAITRISE"", ""niveau"": 6, ""ref"": ""MIS_164""}";"[""Armée de réanimés"", ""Serpents ermites""]";CHR_063
CHR_065;Hiruzen Sarutobi;BASE;;Le Professeur : cinq éléments, Enma et savoir encyclopédique.;JUT_231;"{""pv"": 110, ""depl"": 4.2, ""notes"": ""—""}";"{""nom"": ""Le Professeur"", ""effet"": ""Pool de départ enrichi : +4 techniques élémentaires admissibles supplémentaires ; les recettes inconnues affichent leur indice complet.""}";PV modestes, peu de mobilité (âge).;Maîtrise de l'ultime : Déluge des cinq éléments frappe une fois de plus.;"[""ELEM_KATON"", ""ELEM_SUITON"", ""ELEM_RAITON"", ""ELEM_FUTON"", ""ELEM_DOTON"", ""CTR_SINGE"", ""APT_FUIN"", ""CLAN_SARUTOBI""]";ULT_039;[];"{""type"": ""MISSION"", ""ref"": ""MIS_165""}";"[""Cinq éléments tournants"", ""Enma et sceaux""]";
CHR_066;Kurenai Yūhi;BASE;;Maîtresse du genjutsu : les ennemis s'entravent et s'entretuent.;JUT_250;"{""pv"": 100, ""depl"": 4.5, ""notes"": ""Durée des contrôles +15 %""}";"{""nom"": ""Illusion de la forêt"", ""effet"": ""Chaque ennemi Confus inflige +30 % de dégâts aux autres ennemis.""}";Peu efficace contre les boss seuls (compensé par conversion en vulnérabilité).;Les contrôles de genjutsu convertis en vulnérabilité donnent +8 % au lieu de +5 %.;"[""APT_GEN""]";ULT_030;[];"{""type"": ""MISSION"", ""ref"": ""MIS_166""}";"[""Contagion d'illusions"", ""Arbres et coups de grâce""]";
CHR_067;Kimimaro Kaguya;BASE;;Danse des os : lames, parades, forêt d'os.;JUT_302;"{""pv"": 125, ""depl"": 4.6, ""notes"": ""Armure +2""}";"{""nom"": ""Os durcis"", ""effet"": ""Chaque projectile paré par Tsubaki no Mai donne +1 Armure 3 s (max +5).""}";Maladie : la transformation coûte 10 % de PV max pour la run.;Les danses enchaînées (2 techniques Kaguya en 1 s) font +20 %.;"[""CLAN_KAGUYA""]";ULT_041;"[""TRF_005""]";"{""type"": ""MISSION"", ""ref"": ""MIS_167""}";"[""Danses d'os"", ""Marque maudite de la terre""]";
CHR_068;Mei Terumī;BASE;;Lave et brume acide : corroder puis faire fondre.;JUT_143;"{""pv"": 115, ""depl"": 4.4, ""notes"": ""—""}";"{""nom"": ""Double kekkei genkai"", ""effet"": ""Les cibles Corrodées subissent +20 % de dégâts Yōton et Futton.""}";Zones persistantes lentes à rentabiliser contre les chargeurs.;Les flaques de LAVE et la brume acide se renforcent mutuellement (SYN_027).;"[""KG_YOTON"", ""KG_FUTTON"", ""ELEM_SUITON"", ""ELEM_KATON"", ""ELEM_DOTON""]";ULT_042;[];"{""type"": ""MISSION"", ""ref"": ""MIS_168""}";"[""Champ de lave"", ""Brume corrosive""]";
CHR_069;Ōnoki;BASE;;Poids et poussière : alourdir, alléger, désintégrer.;JUT_102;"{""pv"": 100, ""depl"": 4.0, ""notes"": ""Vole à basse altitude : ignore les surfaces""}";"{""nom"": ""Mal de dos"", ""effet"": ""Après 60 s sans être touché, +20 % Puissance ; se réinitialise au premier coup lourd reçu.""}";Lent, fragile au contact.;"Accès exclusif au golem et à Chōkeijūgan ; Jinton disponible.";"[""ELEM_DOTON"", ""ELEM_FUTON"", ""KG_JINTON""]";ULT_035;[];"{""type"": ""MISSION"", ""ref"": ""MIS_169""}";"[""Gravité (alourdir/alléger)"", ""Désintégration Jinton""]";
CHR_070;A (Quatrième Raikage);BASE;;Force et vitesse brute sous armure de foudre.;JUT_172;"{""pv"": 150, ""depl"": 5.0, ""notes"": ""—""}";"{""nom"": ""Poing du Raikage"", ""effet"": ""Les coups CONTACT détruisent les boucliers ennemis en 1 coup.""}";Aucune attaque à distance hors foudre.;Armure de foudre (TRF_015) : le déplacement électrise les ennemis traversés.;"[""ELEM_RAITON"", ""APT_PORTES""]";ULT_040;"[""TRF_015""]";"{""type"": ""MISSION"", ""ref"": ""MIS_170""}";"[""Charge électrique"", ""Guillotine et Lariat""]";
CHR_071;Darui;BASE;;Foudre noire et Ranton : panthères et faisceaux.;JUT_057;"{""pv"": 115, ""depl"": 4.5, ""notes"": ""—""}";"{""nom"": ""Paresse efficace"", ""effet"": ""Si le joueur n'a pas bougé depuis 1 s, la prochaine technique Raiton ou Ranton fait +25 %.""}";Récompense l'immobilité ponctuelle.;Techniques Ranton : comptent comme Suiton et Raiton pour Conduction.;"[""ELEM_RAITON"", ""ELEM_SUITON"", ""KG_RANTON"", ""APT_KENJ""]";ULT_040;[];"{""type"": ""MISSION"", ""ref"": ""MIS_171""}";"[""Cirque laser"", ""Panthères noires""]";
CHR_072;Pakura;BASE;;Héroïne de Suna : orbes brûlants qui assèchent.;JUT_140;"{""pv"": 105, ""depl"": 4.6, ""notes"": ""—""}";"{""nom"": ""Chaleur torride"", ""effet"": ""Les cibles sous effet Shakuton ne peuvent pas être soignées par les soigneurs ennemis.""}";Peu de contrôle.;Les orbes Shakuton traquent automatiquement une nouvelle cible à la mort de la leur.;"[""KG_SHAKUTON"", ""ELEM_KATON"", ""ELEM_FUTON""]";ULT_043;[];"{""type"": ""MISSION"", ""ref"": ""MIS_172""}";"[""Orbes traqueurs"", ""Évaporation (anti-Suiton)""]";
CHR_073;Rasa (Quatrième Kazekage);BASE;;Poudre d'or : alourdir le monde et l'attirer à soi.;JUT_138;"{""pv"": 120, ""depl"": 4.2, ""notes"": ""—""}";"{""nom"": ""Fortune de Suna"", ""effet"": ""+15 % Ryō gagnés ; les ennemis Aimantés lâchent 1 fragment supplémentaire à 10 %.""}";Aucune technique rapide.;Poudre d'or : les zones de Jiton sont plus lourdes (ralentissement +10 %).;"[""KG_JITON"", ""ELEM_FUTON""]";ULT_044;[];"{""type"": ""MISSION"", ""ref"": ""MIS_173""}";"[""Aimantation lourde"", ""Vagues d'or""]";
CHR_074;Chiyo;BASE;;Grand-mère marionnettiste : dix marionnettes et soin.;JUT_207;"{""pv"": 95, ""depl"": 4.0, ""notes"": ""—""}";"{""nom"": ""Contrôle de l'allié"", ""effet"": ""Les marionnettes gagnent +20 % de dégâts ; une fois par run, Chiyo peut « contrôler » le joueur pour annuler un coup fatal (1 PV, 1 s d'invulnérabilité).""}";Très fragile.;Antidote : immunité aux poisons ennemis.;"[""APT_MARIO"", ""APT_MED""]";ULT_025;[];"{""type"": ""MISSION"", ""ref"": ""MIS_174""}";"[""Dix marionnettes"", ""Poison et antidotes""]";
CHR_075;Karin;BASE;;Senseur et soigneuse : chaînes et morsure de soin.;JUT_301;"{""pv"": 115, ""depl"": 4.6, ""notes"": ""Rayon de collecte +30 %""}";"{""nom"": ""Morsure de soin"", ""effet"": ""Une fois toutes les 30 s, sous 40 % de PV : soin de 30 % des PV max (compté dans le plafond de soin, étalé sur 3 s).""}";"Dégâts faibles ; les chaînes sont son unique contrôle de départ.";Voit les élites et les pièges hors écran (sensorielle).;"[""CLAN_UZUMAKI"", ""APT_FUIN"", ""APT_MED""]";ULT_013;[];"{""type"": ""MISSION"", ""ref"": ""MIS_175""}";"[""Chaînes et survie"", ""Sceaux de soutien""]";
CHR_076;Suigetsu Hōzuki;BASE;;Corps d'eau : esquiver par liquéfaction, frapper au couperet.;JUT_304;"{""pv"": 110, ""depl"": 4.7, ""notes"": ""Dégâts de contact subis −20 %""}";"{""nom"": ""Liquéfaction"", ""effet"": ""Esquive : le joueur devient liquide 0,4 s (invulnérable 0,4 s au lieu de 0,25 s) mais la recharge passe à 5 s.""}";Raiton ennemi : +25 % de dégâts subis (affiché).;Accès au Grand couperet (JUT_197).;"[""CLAN_HOZUKI"", ""ELEM_SUITON"", ""APT_KENJ""]";ULT_037;[];"{""type"": ""MISSION"", ""ref"": ""MIS_176""}";"[""Pistolet à eau"", ""Couperet liquide""]";
CHR_077;Kushina Uzumaki;BASE;;Chaînes de scellement : attacher, puis tout broyer.;JUT_301;"{""pv"": 125, ""depl"": 4.6, ""notes"": ""—""}";"{""nom"": ""Habanero sanglant"", ""effet"": ""Les chaînes Entravent 1 cible de plus et les cibles Entravées subissent +20 %.""}";Peu d'aire sans chaînes.;Chaînes sur boss : la résistance de contrôle monte de 10 points au lieu de 20.;"[""CLAN_UZUMAKI"", ""APT_FUIN"", ""ELEM_SUITON"", ""ELEM_FUTON"", ""APT_JINCH""]";ULT_013;[];"{""type"": ""MISSION"", ""ref"": ""MIS_177""}";"[""Réseau de chaînes"", ""Sceaux et Suiton""]";
CHR_078;Shisui Uchiha;BASE;;Shunshin : le plus rapide, attaques d'apparition.;JUT_002;"{""pv"": 100, ""depl"": 5.4, ""notes"": ""—""}";"{""nom"": ""Shisui du Shunshin"", ""effet"": ""Toutes les 6 s, la prochaine esquive laisse 3 images qui frappent chacune l'ennemi le plus proche (15).""}";"PV faibles ; puissance dispersée.";Accès exclusif à Kotoamatsukami (JUT_319).;"[""ELEM_KATON"", ""CLAN_UCHIHA"", ""DOJ_SHARINGAN"", ""DOJ_MANGEKYO"", ""APT_GEN"", ""CTR_CORBEAU""]";ULT_027;[];"{""type"": ""MISSION"", ""ref"": ""MIS_178""}";"[""Apparitions"", ""Élites retournées""]";
CHR_079;Konohamaru Sarutobi;BASE;;Petit-fils du Hokage : Rasengan précoce et clones taquins.;JUT_281;"{""pv"": 105, ""depl"": 4.8, ""notes"": ""Gain d'XP +10 %""}";"{""nom"": ""Apprenti"", ""effet"": ""Les 3 premières montées de niveau offrent 4 cartes au lieu de 3.""}";Plafond de puissance tardive plus bas (Puissance max +250 %).;"Kage Bunshin accessible ; les clones font un Rasengan réduit (comme Naruto, à 40 %).";"[""ELEM_FUTON"", ""ELEM_KATON"", ""APT_RASEN"", ""CLAN_SARUTOBI"", ""CTR_SINGE""]";ULT_001;[];"{""type"": ""MISSION"", ""ref"": ""MIS_179""}";"[""Rasengan précoce"", ""Clones et Katon""]";
CHR_080;Mū (Deuxième Tsuchikage);BASE;;L'invisible : désintégration Jinton à long délai, division.;JUT_159;"{""pv"": 110, ""depl"": 4.3, ""notes"": ""—""}";"{""nom"": ""Division"", ""effet"": ""Délais des techniques Jinton −40 % ; toutes les 20 s, le joueur devient invisible 2 s (les ennemis perdent la cible, le joueur reste visible à l'écran avec contour pointillé).""}";Début très lent : peu de techniques rapides.;Les techniques Jinton ignorent la résistance.;"[""KG_JINTON"", ""ELEM_DOTON"", ""ELEM_FUTON""]";ULT_035;[];"{""type"": ""MISSION"", ""ref"": ""MIS_180""}";"[""Désintégration"", ""Terre et vent de soutien""]";
